input_n,adc_data,bb_i,bb_q,bb_valid_i
36,33,0,0,1
37,186,0,0,1
38,186,0,0,1
39,33,0,0,1
40,128,0,0,1
41,223,0,0,1
42,70,0,0,1
43,70,0,0,1
44,223,0,0,1
45,128,0,0,1
46,33,0,0,1
47,186,0,0,1
48,186,0,0,1
49,33,0,0,1
50,128,0,0,1
51,223,0,0,1
52,70,0,0,1
53,70,0,0,1
54,223,0,0,1
55,128,0,0,1
56,33,0,0,1
57,186,0,0,1
58,186,0,0,1
59,33,0,0,1
60,128,0,0,1
61,223,0,0,1
62,70,0,0,1
63,70,0,0,1
64,223,0,0,1
65,128,0,0,1
66,33,0,0,1
67,186,0,0,1
68,186,-1,0,1
69,33,-1,0,1
70,128,-1,0,1
71,223,-1,0,1
72,70,0,0,1
73,70,0,0,1
74,223,0,0,1
75,128,0,0,1
76,33,6,6,1
77,186,6,6,1
78,186,6,6,1
79,33,6,6,1
80,128,13,13,1
81,223,13,13,1
82,70,13,13,1
83,70,13,13,1
84,223,11,-3,1
85,128,11,-3,1
86,33,11,-3,1
87,186,11,-3,1
88,186,12,5,1
89,33,12,5,1
90,128,12,5,1
91,223,12,5,1
92,70,9,33,1
93,70,9,33,1
94,223,9,33,1
95,128,9,33,1
96,33,19,-38,1
97,186,19,-38,1
98,186,19,-38,1
99,33,19,-38,1
100,128,4,22,1
101,223,4,22,1
102,70,4,22,1
103,70,4,22,1
104,223,4,74,1
105,128,4,74,1
106,33,4,74,1
107,186,4,74,1
108,186,51,-137,1
109,33,51,-137,1
110,128,51,-137,1
111,223,51,-137,1
112,70,-42,111,1
113,70,-42,111,1
114,223,-42,111,1
115,128,-42,111,1
116,33,21,103,1
117,186,21,103,1
118,186,21,103,1
119,33,21,103,1
120,128,103,-340,1
121,223,103,-340,1
122,70,103,-340,1
123,70,103,-340,1
124,223,-146,403,1
125,128,-146,403,1
126,33,-146,403,1
127,186,-146,403,1
128,186,74,-39,1
129,33,74,-39,1
130,128,74,-39,1
131,223,74,-39,1
132,70,400,-496,1
133,70,400,-496,1
134,223,400,-496,1
135,128,400,-496,1
136,33,2992,4917,1
137,186,2992,4917,1
138,186,2992,4917,1
139,33,2992,4917,1
140,128,11193,10429,1
141,223,11193,10429,1
142,70,11193,10429,1
143,70,11193,10429,1
144,223,17819,9937,1
145,128,17819,9937,1
146,33,17819,9937,1
147,186,17819,9937,1
148,186,17301,9416,1
149,33,17301,9416,1
150,128,17301,9416,1
151,223,17301,9416,1
152,70,16596,10224,1
153,70,16596,10224,1
154,223,16596,10224,1
155,128,16596,10224,1
156,33,17535,9750,1
157,186,17535,9750,1
158,186,17535,9750,1
159,33,17535,9750,1
160,128,17038,9758,1
161,223,17038,9758,1
162,70,17038,9758,1
163,70,17038,9758,1
164,223,16977,10012,1
165,128,16977,10012,1
166,33,16977,10012,1
167,186,16977,10012,1
168,186,17303,9784,1
169,33,17303,9784,1
170,128,17303,9784,1
171,223,17303,9784,1
172,70,17047,9846,1
173,70,17047,9846,1
174,223,17047,9846,1
175,128,17047,9846,1
176,33,17119,9885,1
177,186,17119,9885,1
178,186,17119,9885,1
179,33,17119,9885,1
180,128,17164,9849,1
181,223,17164,9849,1
182,70,17164,9849,1
183,70,17164,9849,1
184,223,17096,9861,1
185,128,17096,9861,1
186,33,17096,9861,1
187,186,17096,9861,1
188,186,17130,9862,1
189,33,17130,9862,1
190,128,17130,9862,1
191,223,17130,9862,1
192,70,17129,9859,1
193,70,17129,9859,1
194,223,17129,9859,1
195,128,17129,9859,1
196,33,17141,9837,1
197,186,17141,9837,1
198,186,17141,9837,1
199,33,17141,9837,1
200,128,17108,9884,1
201,223,17108,9884,1
202,70,17108,9884,1
203,70,17108,9884,1
204,223,17140,9868,1
205,128,17140,9868,1
206,33,17140,9868,1
207,186,17140,9868,1
208,186,17142,9858,1
209,33,17142,9858,1
210,128,17142,9858,1
211,223,17142,9858,1
212,70,17128,9873,1
213,70,17128,9873,1
214,223,17128,9873,1
215,128,17128,9873,1
216,33,17162,9843,1
217,186,17162,9843,1
218,186,17162,9843,1
219,33,17162,9843,1
220,128,17117,9884,1
221,223,17117,9884,1
222,70,17117,9884,1
223,70,17117,9884,1
224,223,17141,9868,1
225,128,17141,9868,1
226,33,17141,9868,1
227,186,17141,9868,1
228,186,17142,9858,1
229,33,17142,9858,1
230,128,17142,9858,1
231,223,17142,9858,1
232,70,17128,9873,1
233,70,17128,9873,1
234,223,17128,9873,1
235,128,17128,9873,1
236,33,17162,9843,1
237,186,17162,9843,1
238,186,17162,9843,1
239,33,17162,9843,1
240,128,17117,9884,1
241,223,17117,9884,1
242,70,17117,9884,1
243,70,17117,9884,1
244,223,17141,9868,1
245,128,17141,9868,1
246,33,17141,9868,1
247,186,17141,9868,1
248,186,17142,9858,1
249,33,17142,9858,1
250,128,17142,9858,1
251,223,17142,9858,1
252,70,17128,9873,1
253,70,17128,9873,1
254,223,17128,9873,1
255,128,17128,9873,1
256,33,17162,9843,1
257,186,17162,9843,1
258,186,17162,9843,1
259,33,17162,9843,1
260,128,17117,9884,1
261,223,17117,9884,1
262,70,17117,9884,1
263,70,17117,9884,1
264,223,17141,9868,1
265,128,17141,9868,1
266,33,17141,9868,1
267,186,17141,9868,1
268,186,17142,9858,1
269,33,17142,9858,1
270,128,17142,9858,1
271,223,17142,9858,1
272,70,17128,9873,1
273,70,17128,9873,1
274,223,17128,9873,1
275,128,17128,9873,1
276,33,17162,9843,1
277,186,17162,9843,1
278,186,17162,9843,1
279,33,17162,9843,1
280,128,17117,9884,1
281,223,17117,9884,1
282,70,17117,9884,1
283,70,17117,9884,1
284,223,17141,9868,1
285,128,17141,9868,1
286,33,17141,9868,1
287,186,17141,9868,1
288,186,17142,9858,1
289,33,17142,9858,1
290,128,17142,9858,1
291,223,17142,9858,1
292,70,17128,9873,1
293,70,17128,9873,1
294,223,17128,9873,1
295,128,17128,9873,1
296,33,17162,9843,1
297,186,17162,9843,1
298,186,17162,9843,1
299,33,17162,9843,1
300,128,17117,9884,1
301,223,17117,9884,1
302,70,17117,9884,1
303,70,17117,9884,1
304,223,17141,9868,1
305,128,17141,9868,1
306,33,17141,9868,1
307,186,17141,9868,1
308,186,17142,9858,1
309,33,17142,9858,1
310,128,17142,9858,1
311,223,17142,9858,1
312,70,17128,9873,1
313,70,17128,9873,1
314,223,17128,9873,1
315,128,17128,9873,1
316,33,17162,9843,1
317,186,17162,9843,1
318,186,17162,9843,1
319,33,17162,9843,1
320,128,17117,9884,1
321,223,17117,9884,1
322,70,17117,9884,1
323,70,17117,9884,1
324,223,17141,9868,1
325,128,17141,9868,1
326,33,17141,9868,1
327,186,17141,9868,1
328,186,17142,9858,1
329,33,17142,9858,1
330,128,17142,9858,1
331,223,17142,9858,1
332,70,17128,9873,1
333,70,17128,9873,1
334,223,17128,9873,1
335,128,17128,9873,1
336,33,17162,9843,1
337,186,17162,9843,1
338,186,17162,9843,1
339,33,17162,9843,1
340,128,17117,9884,1
341,223,17117,9884,1
342,70,17117,9884,1
343,70,17117,9884,1
344,223,17141,9868,1
345,128,17141,9868,1
346,33,17141,9868,1
347,186,17141,9868,1
348,186,17142,9858,1
349,33,17142,9858,1
350,128,17142,9858,1
351,223,17142,9858,1
352,70,17128,9873,1
353,70,17128,9873,1
354,223,17128,9873,1
355,128,17128,9873,1
356,33,17162,9843,1
357,186,17162,9843,1
358,186,17162,9843,1
359,33,17162,9843,1
360,128,17117,9884,1
361,223,17117,9884,1
362,70,17117,9884,1
363,70,17117,9884,1
364,223,17141,9868,1
365,128,17141,9868,1
366,33,17141,9868,1
367,186,17141,9868,1
368,186,17142,9858,1
369,33,17142,9858,1
370,128,17142,9858,1
371,223,17142,9858,1
372,70,17128,9873,1
373,70,17128,9873,1
374,223,17128,9873,1
375,128,17128,9873,1
376,33,17162,9843,1
377,186,17162,9843,1
378,186,17162,9843,1
379,33,17162,9843,1
380,128,17117,9884,1
381,223,17117,9884,1
382,70,17117,9884,1
383,70,17117,9884,1
384,223,17141,9868,1
385,128,17141,9868,1
386,33,17141,9868,1
387,186,17141,9868,1
388,186,17142,9858,1
389,33,17142,9858,1
390,128,17142,9858,1
391,223,17142,9858,1
392,70,17128,9873,1
393,70,17128,9873,1
394,223,17128,9873,1
395,128,17128,9873,1
396,33,17162,9843,1
397,186,17162,9843,1
398,186,17162,9843,1
399,33,17162,9843,1
400,128,17117,9884,1
401,223,17117,9884,1
402,70,17117,9884,1
403,70,17117,9884,1
404,223,17141,9868,1
405,128,17141,9868,1
406,33,17141,9868,1
407,186,17141,9868,1
408,186,17142,9858,1
409,33,17142,9858,1
410,128,17142,9858,1
411,223,17142,9858,1
412,70,17128,9873,1
413,70,17128,9873,1
414,223,17128,9873,1
415,128,17128,9873,1
416,33,17162,9843,1
417,186,17162,9843,1
418,186,17162,9843,1
419,33,17162,9843,1
420,128,17117,9884,1
421,223,17117,9884,1
422,70,17117,9884,1
423,70,17117,9884,1
424,223,17141,9868,1
425,128,17141,9868,1
426,33,17141,9868,1
427,186,17141,9868,1
428,186,17142,9858,1
429,33,17142,9858,1
430,128,17142,9858,1
431,223,17142,9858,1
432,70,17128,9873,1
433,70,17128,9873,1
434,223,17128,9873,1
435,128,17128,9873,1
436,33,17162,9843,1
437,186,17162,9843,1
438,186,17162,9843,1
439,33,17162,9843,1
440,128,17117,9884,1
441,223,17117,9884,1
442,70,17117,9884,1
443,70,17117,9884,1
444,223,17141,9868,1
445,128,17141,9868,1
446,33,17141,9868,1
447,186,17141,9868,1
448,186,17142,9858,1
449,33,17142,9858,1
450,128,17142,9858,1
451,223,17142,9858,1
452,70,17128,9873,1
453,70,17128,9873,1
454,223,17128,9873,1
455,128,17128,9873,1
456,33,17162,9843,1
457,186,17162,9843,1
458,186,17162,9843,1
459,33,17162,9843,1
460,128,17117,9884,1
461,223,17117,9884,1
462,70,17117,9884,1
463,70,17117,9884,1
464,223,17141,9868,1
465,128,17141,9868,1
466,33,17141,9868,1
467,186,17141,9868,1
468,186,17142,9858,1
469,33,17142,9858,1
470,128,17142,9858,1
471,223,17142,9858,1
472,70,17128,9873,1
473,70,17128,9873,1
474,223,17128,9873,1
475,128,17128,9873,1
476,33,17162,9843,1
477,186,17162,9843,1
478,186,17162,9843,1
479,33,17162,9843,1
480,128,17117,9884,1
481,223,17117,9884,1
482,70,17117,9884,1
483,70,17117,9884,1
484,223,17141,9868,1
485,128,17141,9868,1
486,33,17141,9868,1
487,186,17141,9868,1
488,186,17142,9858,1
489,33,17142,9858,1
490,128,17142,9858,1
491,223,17142,9858,1
492,70,17128,9873,1
493,70,17128,9873,1
494,223,17128,9873,1
495,128,17128,9873,1
496,33,17162,9843,1
497,186,17162,9843,1
498,186,17162,9843,1
499,33,17162,9843,1
500,128,17117,9884,1
501,223,17117,9884,1
502,70,17117,9884,1
503,70,17117,9884,1
504,223,17141,9868,1
505,128,17141,9868,1
506,33,17141,9868,1
507,186,17141,9868,1
508,186,17142,9858,1
509,33,17142,9858,1
510,128,17142,9858,1
511,223,17142,9858,1
512,70,17128,9873,1
513,70,17128,9873,1
514,223,17128,9873,1
515,128,17128,9873,1
516,33,17162,9843,1
517,186,17162,9843,1
518,186,17162,9843,1
519,33,17162,9843,1
520,128,17117,9884,1
521,223,17117,9884,1
522,70,17117,9884,1
523,70,17117,9884,1
524,223,17141,9868,1
525,128,17141,9868,1
526,33,17141,9868,1
527,186,17141,9868,1
528,186,17142,9858,1
529,33,17142,9858,1
530,128,17142,9858,1
531,223,17142,9858,1
532,70,17128,9873,1
533,70,17128,9873,1
534,223,17128,9873,1
535,128,17128,9873,1
536,33,17162,9843,1
537,186,17162,9843,1
538,186,17162,9843,1
539,33,17162,9843,1
540,128,17117,9884,1
541,223,17117,9884,1
542,70,17117,9884,1
543,70,17117,9884,1
544,223,17141,9868,1
545,128,17141,9868,1
546,33,17141,9868,1
547,186,17141,9868,1
548,186,17142,9858,1
549,33,17142,9858,1
550,128,17142,9858,1
551,223,17142,9858,1
552,70,17128,9873,1
553,70,17128,9873,1
554,223,17128,9873,1
555,128,17128,9873,1
556,33,17162,9843,1
557,186,17162,9843,1
558,186,17162,9843,1
559,33,17162,9843,1
560,128,17117,9884,1
561,223,17117,9884,1
562,70,17117,9884,1
563,70,17117,9884,1
564,223,17141,9868,1
565,128,17141,9868,1
566,33,17141,9868,1
567,186,17141,9868,1
568,186,17142,9858,1
569,33,17142,9858,1
570,128,17142,9858,1
571,223,17142,9858,1
572,70,17128,9873,1
573,70,17128,9873,1
574,223,17128,9873,1
575,128,17128,9873,1
576,33,17162,9843,1
577,186,17162,9843,1
578,186,17162,9843,1
579,33,17162,9843,1
580,128,17117,9884,1
581,223,17117,9884,1
582,70,17117,9884,1
583,70,17117,9884,1
584,223,17141,9868,1
585,128,17141,9868,1
586,33,17141,9868,1
587,186,17141,9868,1
588,186,17142,9858,1
589,33,17142,9858,1
590,128,17142,9858,1
591,223,17142,9858,1
592,70,17128,9873,1
593,70,17128,9873,1
594,223,17128,9873,1
595,128,17128,9873,1
596,33,17162,9843,1
597,186,17162,9843,1
598,186,17162,9843,1
599,33,17162,9843,1
600,128,17117,9884,1
601,223,17117,9884,1
602,70,17117,9884,1
603,70,17117,9884,1
604,223,17141,9868,1
605,128,17141,9868,1
606,33,17141,9868,1
607,186,17141,9868,1
608,186,17142,9858,1
609,33,17142,9858,1
610,128,17142,9858,1
611,223,17142,9858,1
612,70,17128,9873,1
613,70,17128,9873,1
614,223,17128,9873,1
615,128,17128,9873,1
616,33,17162,9843,1
617,186,17162,9843,1
618,186,17162,9843,1
619,33,17162,9843,1
620,128,17117,9884,1
621,223,17117,9884,1
622,70,17117,9884,1
623,70,17117,9884,1
624,223,17141,9868,1
625,128,17141,9868,1
626,33,17141,9868,1
627,186,17141,9868,1
628,186,17142,9858,1
629,33,17142,9858,1
630,128,17142,9858,1
631,223,17142,9858,1
632,70,17128,9873,1
633,70,17128,9873,1
634,223,17128,9873,1
635,128,17128,9873,1
636,33,17162,9843,1
637,186,17162,9843,1
638,186,17162,9843,1
639,33,17162,9843,1
640,128,17117,9884,1
641,223,17117,9884,1
642,70,17117,9884,1
643,70,17117,9884,1
644,223,17141,9868,1
645,128,17141,9868,1
646,33,17141,9868,1
647,186,17141,9868,1
648,186,17142,9858,1
649,33,17142,9858,1
650,128,17142,9858,1
651,223,17142,9858,1
652,70,17128,9873,1
653,70,17128,9873,1
654,223,17128,9873,1
655,128,17128,9873,1
656,33,17162,9843,1
657,186,17162,9843,1
658,186,17162,9843,1
659,33,17162,9843,1
660,128,17117,9884,1
661,223,17117,9884,1
662,70,17117,9884,1
663,70,17117,9884,1
664,223,17141,9868,1
665,128,17141,9868,1
666,33,17141,9868,1
667,186,17141,9868,1
668,186,17142,9858,1
669,33,17142,9858,1
670,128,17142,9858,1
671,223,17142,9858,1
672,70,17128,9873,1
673,70,17128,9873,1
674,223,17128,9873,1
675,128,17128,9873,1
676,33,17162,9843,1
677,186,17162,9843,1
678,186,17162,9843,1
679,33,17162,9843,1
680,128,17117,9884,1
681,223,17117,9884,1
682,70,17117,9884,1
683,70,17117,9884,1
684,223,17141,9868,1
685,128,17141,9868,1
686,33,17141,9868,1
687,186,17141,9868,1
688,186,17142,9858,1
689,33,17142,9858,1
690,128,17142,9858,1
691,223,17142,9858,1
692,70,17128,9873,1
693,70,17128,9873,1
694,223,17128,9873,1
695,128,17128,9873,1
696,33,17162,9843,1
697,186,17162,9843,1
698,186,17162,9843,1
699,33,17162,9843,1
700,128,17117,9884,1
701,223,17117,9884,1
702,70,17117,9884,1
703,70,17117,9884,1
704,223,17141,9868,1
705,128,17141,9868,1
706,33,17141,9868,1
707,186,17141,9868,1
708,186,17142,9858,1
709,33,17142,9858,1
710,128,17142,9858,1
711,223,17142,9858,1
712,70,17128,9873,1
713,70,17128,9873,1
714,223,17128,9873,1
715,128,17128,9873,1
716,33,17162,9843,1
717,186,17162,9843,1
718,186,17162,9843,1
719,33,17162,9843,1
720,128,17117,9884,1
721,223,17117,9884,1
722,70,17117,9884,1
723,70,17117,9884,1
724,223,17141,9868,1
725,128,17141,9868,1
726,33,17141,9868,1
727,186,17141,9868,1
728,186,17142,9858,1
729,33,17142,9858,1
730,128,17142,9858,1
731,223,17142,9858,1
732,70,17128,9873,1
733,70,17128,9873,1
734,223,17128,9873,1
735,128,17128,9873,1
736,33,17162,9843,1
737,186,17162,9843,1
738,186,17162,9843,1
739,33,17162,9843,1
740,128,17117,9884,1
741,223,17117,9884,1
742,70,17117,9884,1
743,70,17117,9884,1
744,223,17141,9868,1
745,128,17141,9868,1
746,33,17141,9868,1
747,186,17141,9868,1
748,186,17142,9858,1
749,33,17142,9858,1
750,128,17142,9858,1
751,223,17142,9858,1
752,70,17128,9873,1
753,70,17128,9873,1
754,223,17128,9873,1
755,128,17128,9873,1
756,33,17162,9843,1
757,186,17162,9843,1
758,186,17162,9843,1
759,33,17162,9843,1
760,128,17117,9884,1
761,223,17117,9884,1
762,70,17117,9884,1
763,70,17117,9884,1
764,223,17141,9868,1
765,128,17141,9868,1
766,33,17141,9868,1
767,186,17141,9868,1
768,186,17142,9858,1
769,33,17142,9858,1
770,128,17142,9858,1
771,223,17142,9858,1
772,70,17128,9873,1
773,70,17128,9873,1
774,223,17128,9873,1
775,128,17128,9873,1
776,33,17162,9843,1
777,186,17162,9843,1
778,186,17162,9843,1
779,33,17162,9843,1
780,128,17117,9884,1
781,223,17117,9884,1
782,70,17117,9884,1
783,70,17117,9884,1
784,223,17141,9868,1
785,128,17141,9868,1
786,33,17141,9868,1
787,186,17141,9868,1
788,186,17142,9858,1
789,33,17142,9858,1
790,128,17142,9858,1
791,223,17142,9858,1
792,70,17128,9873,1
793,70,17128,9873,1
794,223,17128,9873,1
795,128,17128,9873,1
796,33,17162,9843,1
797,186,17162,9843,1
798,186,17162,9843,1
799,33,17162,9843,1
800,128,17117,9884,1
801,223,17117,9884,1
802,70,17117,9884,1
803,70,17117,9884,1
804,223,17141,9868,1
805,128,17141,9868,1
806,33,17141,9868,1
807,186,17141,9868,1
808,186,17142,9858,1
809,33,17142,9858,1
810,128,17142,9858,1
811,223,17142,9858,1
812,70,17128,9873,1
813,70,17128,9873,1
814,223,17128,9873,1
815,128,17128,9873,1
816,33,17162,9843,1
817,186,17162,9843,1
818,186,17162,9843,1
819,33,17162,9843,1
820,128,17117,9884,1
821,223,17117,9884,1
822,70,17117,9884,1
823,70,17117,9884,1
824,223,17141,9868,1
825,128,17141,9868,1
826,33,17141,9868,1
827,186,17141,9868,1
828,186,17142,9858,1
829,33,17142,9858,1
830,128,17142,9858,1
831,223,17142,9858,1
832,70,17128,9873,1
833,70,17128,9873,1
834,223,17128,9873,1
835,128,17128,9873,1
836,33,17162,9843,1
837,186,17162,9843,1
838,186,17162,9843,1
839,33,17162,9843,1
840,128,17117,9884,1
841,223,17117,9884,1
842,70,17117,9884,1
843,70,17117,9884,1
844,223,17141,9868,1
845,128,17141,9868,1
846,33,17141,9868,1
847,186,17141,9868,1
848,186,17142,9858,1
849,33,17142,9858,1
850,128,17142,9858,1
851,223,17142,9858,1
852,70,17128,9873,1
853,70,17128,9873,1
854,223,17128,9873,1
855,128,17128,9873,1
856,33,17162,9843,1
857,186,17162,9843,1
858,186,17162,9843,1
859,33,17162,9843,1
860,128,17117,9884,1
861,223,17117,9884,1
862,70,17117,9884,1
863,70,17117,9884,1
864,223,17141,9868,1
865,128,17141,9868,1
866,33,17141,9868,1
867,186,17141,9868,1
868,186,17142,9858,1
869,33,17142,9858,1
870,128,17142,9858,1
871,223,17142,9858,1
872,70,17128,9873,1
873,70,17128,9873,1
874,223,17128,9873,1
875,128,17128,9873,1
876,33,17162,9843,1
877,186,17162,9843,1
878,186,17162,9843,1
879,33,17162,9843,1
880,128,17117,9884,1
881,223,17117,9884,1
882,70,17117,9884,1
883,70,17117,9884,1
884,223,17141,9868,1
885,128,17141,9868,1
886,33,17141,9868,1
887,186,17141,9868,1
888,186,17142,9858,1
889,33,17142,9858,1
890,128,17142,9858,1
891,223,17142,9858,1
892,70,17128,9873,1
893,70,17128,9873,1
894,223,17128,9873,1
895,128,17128,9873,1
896,33,17162,9843,1
897,186,17162,9843,1
898,186,17162,9843,1
899,33,17162,9843,1
900,128,17117,9884,1
901,223,17117,9884,1
902,70,17117,9884,1
903,70,17117,9884,1
904,223,17141,9868,1
905,128,17141,9868,1
906,33,17141,9868,1
907,186,17141,9868,1
908,186,17142,9858,1
909,33,17142,9858,1
910,128,17142,9858,1
911,223,17142,9858,1
912,70,17128,9873,1
913,70,17128,9873,1
914,223,17128,9873,1
915,128,17128,9873,1
916,33,17162,9843,1
917,186,17162,9843,1
918,186,17162,9843,1
919,33,17162,9843,1
920,128,17117,9884,1
921,223,17117,9884,1
922,70,17117,9884,1
923,70,17117,9884,1
924,223,17141,9868,1
925,128,17141,9868,1
926,33,17141,9868,1
927,186,17141,9868,1
928,186,17142,9858,1
929,33,17142,9858,1
930,128,17142,9858,1
931,223,17142,9858,1
932,70,17128,9873,1
933,70,17128,9873,1
934,223,17128,9873,1
935,128,17128,9873,1
936,33,17162,9843,1
937,186,17162,9843,1
938,186,17162,9843,1
939,33,17162,9843,1
940,128,17117,9884,1
941,223,17117,9884,1
942,70,17117,9884,1
943,70,17117,9884,1
944,223,17141,9868,1
945,128,17141,9868,1
946,33,17141,9868,1
947,186,17141,9868,1
948,186,17142,9858,1
949,33,17142,9858,1
950,128,17142,9858,1
951,223,17142,9858,1
952,70,17128,9873,1
953,70,17128,9873,1
954,223,17128,9873,1
955,128,17128,9873,1
956,33,17162,9843,1
957,186,17162,9843,1
958,186,17162,9843,1
959,33,17162,9843,1
960,128,17117,9884,1
961,223,17117,9884,1
962,70,17117,9884,1
963,70,17117,9884,1
964,223,17141,9868,1
965,128,17141,9868,1
966,33,17141,9868,1
967,186,17141,9868,1
968,186,17142,9858,1
969,33,17142,9858,1
970,128,17142,9858,1
971,223,17142,9858,1
972,70,17128,9873,1
973,70,17128,9873,1
974,223,17128,9873,1
975,128,17128,9873,1
976,33,17162,9843,1
977,186,17162,9843,1
978,186,17162,9843,1
979,33,17162,9843,1
980,128,17117,9884,1
981,223,17117,9884,1
982,70,17117,9884,1
983,70,17117,9884,1
984,223,17141,9868,1
985,128,17141,9868,1
986,33,17141,9868,1
987,186,17141,9868,1
988,186,17142,9858,1
989,33,17142,9858,1
990,128,17142,9858,1
991,223,17142,9858,1
992,70,17128,9873,1
993,70,17128,9873,1
994,223,17128,9873,1
995,128,17128,9873,1
996,33,17162,9843,1
997,186,17162,9843,1
998,186,17162,9843,1
999,33,17162,9843,1
1000,128,17117,9884,1
1001,223,17117,9884,1
1002,70,17117,9884,1
1003,70,17117,9884,1
1004,223,17141,9868,1
1005,128,17141,9868,1
1006,33,17141,9868,1
1007,186,17141,9868,1
1008,186,17142,9858,1
1009,33,17142,9858,1
1010,128,17142,9858,1
1011,223,17142,9858,1
1012,70,17128,9873,1
1013,70,17128,9873,1
1014,223,17128,9873,1
1015,128,17128,9873,1
1016,33,17162,9843,1
1017,186,17162,9843,1
1018,186,17162,9843,1
1019,33,17162,9843,1
1020,128,17117,9884,1
1021,223,17117,9884,1
1022,70,17117,9884,1
1023,70,17117,9884,1
1024,223,17141,9868,1
1025,128,17141,9868,1
1026,33,17141,9868,1
1027,186,17141,9868,1
1028,186,17142,9858,1
1029,33,17142,9858,1
1030,128,17142,9858,1
1031,223,17142,9858,1
1032,70,17128,9873,1
1033,70,17128,9873,1
1034,223,17128,9873,1
1035,128,17128,9873,1
1036,33,17162,9843,1
1037,186,17162,9843,1
1038,186,17162,9843,1
1039,33,17162,9843,1
1040,128,17117,9884,1
1041,223,17117,9884,1
1042,70,17117,9884,1
1043,70,17117,9884,1
1044,223,17141,9868,1
1045,128,17141,9868,1
1046,33,17141,9868,1
1047,186,17141,9868,1
1048,186,17142,9858,1
1049,33,17142,9858,1
1050,128,17142,9858,1
1051,223,17142,9858,1
1052,70,17128,9873,1
1053,70,17128,9873,1
1054,223,17128,9873,1
1055,128,17128,9873,1
1056,33,17162,9843,1
1057,186,17162,9843,1
1058,186,17162,9843,1
1059,33,17162,9843,1
1060,128,17117,9884,1
1061,223,17117,9884,1
1062,70,17117,9884,1
1063,70,17117,9884,1
1064,223,17141,9868,1
1065,128,17141,9868,1
1066,33,17141,9868,1
1067,186,17141,9868,1
1068,186,17142,9858,1
1069,33,17142,9858,1
1070,128,17142,9858,1
1071,223,17142,9858,1
1072,70,17128,9873,1
1073,70,17128,9873,1
1074,223,17128,9873,1
1075,128,17128,9873,1
1076,33,17162,9843,1
1077,186,17162,9843,1
1078,186,17162,9843,1
1079,33,17162,9843,1
1080,128,17117,9884,1
1081,223,17117,9884,1
1082,70,17117,9884,1
1083,70,17117,9884,1
1084,223,17141,9868,1
1085,128,17141,9868,1
1086,33,17141,9868,1
1087,186,17141,9868,1
1088,186,17142,9858,1
1089,33,17142,9858,1
1090,128,17142,9858,1
1091,223,17142,9858,1
1092,70,17128,9873,1
1093,70,17128,9873,1
1094,223,17128,9873,1
1095,128,17128,9873,1
1096,33,17162,9843,1
1097,186,17162,9843,1
1098,186,17162,9843,1
1099,33,17162,9843,1
1100,128,17117,9884,1
1101,223,17117,9884,1
1102,70,17117,9884,1
1103,70,17117,9884,1
1104,223,17141,9868,1
1105,128,17141,9868,1
1106,33,17141,9868,1
1107,186,17141,9868,1
1108,186,17142,9858,1
1109,33,17142,9858,1
1110,128,17142,9858,1
1111,223,17142,9858,1
1112,70,17128,9873,1
1113,70,17128,9873,1
1114,223,17128,9873,1
1115,128,17128,9873,1
1116,33,17162,9843,1
1117,186,17162,9843,1
1118,186,17162,9843,1
1119,33,17162,9843,1
1120,128,17117,9884,1
1121,223,17117,9884,1
1122,70,17117,9884,1
1123,70,17117,9884,1
1124,223,17141,9868,1
1125,128,17141,9868,1
1126,33,17141,9868,1
1127,186,17141,9868,1
1128,186,17142,9858,1
1129,33,17142,9858,1
1130,128,17142,9858,1
1131,223,17142,9858,1
1132,70,17128,9873,1
1133,70,17128,9873,1
1134,223,17128,9873,1
1135,128,17128,9873,1
1136,33,17162,9843,1
1137,186,17162,9843,1
1138,186,17162,9843,1
1139,33,17162,9843,1
1140,128,17117,9884,1
1141,223,17117,9884,1
1142,70,17117,9884,1
1143,70,17117,9884,1
1144,223,17141,9868,1
1145,128,17141,9868,1
1146,33,17141,9868,1
1147,186,17141,9868,1
1148,186,17142,9858,1
1149,33,17142,9858,1
1150,128,17142,9858,1
1151,223,17142,9858,1
1152,70,17128,9873,1
1153,70,17128,9873,1
1154,223,17128,9873,1
1155,128,17128,9873,1
1156,33,17162,9843,1
1157,186,17162,9843,1
1158,186,17162,9843,1
1159,33,17162,9843,1
1160,128,17117,9884,1
1161,223,17117,9884,1
1162,70,17117,9884,1
1163,70,17117,9884,1
1164,223,17141,9868,1
1165,128,17141,9868,1
1166,33,17141,9868,1
1167,186,17141,9868,1
1168,186,17142,9858,1
1169,33,17142,9858,1
1170,128,17142,9858,1
1171,223,17142,9858,1
1172,70,17128,9873,1
1173,70,17128,9873,1
1174,223,17128,9873,1
1175,128,17128,9873,1
1176,33,17162,9843,1
1177,186,17162,9843,1
1178,186,17162,9843,1
1179,33,17162,9843,1
1180,128,17117,9884,1
1181,223,17117,9884,1
1182,70,17117,9884,1
1183,70,17117,9884,1
1184,223,17141,9868,1
1185,128,17141,9868,1
1186,33,17141,9868,1
1187,186,17141,9868,1
1188,186,17142,9858,1
1189,33,17142,9858,1
1190,128,17142,9858,1
1191,223,17142,9858,1
1192,70,17128,9873,1
1193,70,17128,9873,1
1194,223,17128,9873,1
1195,128,17128,9873,1
1196,33,17162,9843,1
1197,186,17162,9843,1
1198,186,17162,9843,1
1199,33,17162,9843,1
1200,128,17117,9884,1
1201,223,17117,9884,1
1202,70,17117,9884,1
1203,70,17117,9884,1
1204,223,17141,9868,1
1205,128,17141,9868,1
1206,33,17141,9868,1
1207,186,17141,9868,1
1208,186,17142,9858,1
1209,33,17142,9858,1
1210,128,17142,9858,1
1211,223,17142,9858,1
1212,70,17128,9873,1
1213,70,17128,9873,1
1214,223,17128,9873,1
1215,128,17128,9873,1
1216,33,17162,9843,1
1217,186,17162,9843,1
1218,186,17162,9843,1
1219,33,17162,9843,1
1220,128,17117,9884,1
1221,223,17117,9884,1
1222,70,17117,9884,1
1223,70,17117,9884,1
1224,223,17141,9868,1
1225,128,17141,9868,1
1226,33,17141,9868,1
1227,186,17141,9868,1
1228,186,17142,9858,1
1229,33,17142,9858,1
1230,128,17142,9858,1
1231,223,17142,9858,1
1232,70,17128,9873,1
1233,70,17128,9873,1
1234,223,17128,9873,1
1235,128,17128,9873,1
1236,33,17162,9843,1
1237,186,17162,9843,1
1238,186,17162,9843,1
1239,33,17162,9843,1
1240,128,17117,9884,1
1241,223,17117,9884,1
1242,70,17117,9884,1
1243,70,17117,9884,1
1244,223,17141,9868,1
1245,128,17141,9868,1
1246,33,17141,9868,1
1247,186,17141,9868,1
1248,186,17142,9858,1
1249,33,17142,9858,1
1250,128,17142,9858,1
1251,223,17142,9858,1
1252,70,17128,9873,1
1253,70,17128,9873,1
1254,223,17128,9873,1
1255,128,17128,9873,1
1256,33,17162,9843,1
1257,186,17162,9843,1
1258,186,17162,9843,1
1259,33,17162,9843,1
1260,128,17117,9884,1
1261,223,17117,9884,1
1262,70,17117,9884,1
1263,70,17117,9884,1
1264,223,17141,9868,1
1265,128,17141,9868,1
1266,33,17141,9868,1
1267,186,17141,9868,1
1268,186,17142,9858,1
1269,33,17142,9858,1
1270,128,17142,9858,1
1271,223,17142,9858,1
1272,70,17128,9873,1
1273,70,17128,9873,1
1274,223,17128,9873,1
1275,128,17128,9873,1
1276,33,17162,9843,1
1277,186,17162,9843,1
1278,186,17162,9843,1
1279,33,17162,9843,1
1280,128,17117,9884,1
1281,223,17117,9884,1
1282,70,17117,9884,1
1283,70,17117,9884,1
1284,223,17141,9868,1
1285,128,17141,9868,1
1286,33,17141,9868,1
1287,186,17141,9868,1
1288,186,17142,9858,1
1289,33,17142,9858,1
1290,128,17142,9858,1
1291,223,17142,9858,1
1292,70,17128,9873,1
1293,70,17128,9873,1
1294,223,17128,9873,1
1295,128,17128,9873,1
1296,33,17162,9843,1
1297,186,17162,9843,1
1298,186,17162,9843,1
1299,33,17162,9843,1
1300,128,17117,9884,1
1301,223,17117,9884,1
1302,70,17117,9884,1
1303,70,17117,9884,1
1304,223,17141,9868,1
1305,128,17141,9868,1
1306,33,17141,9868,1
1307,186,17141,9868,1
1308,186,17142,9858,1
1309,33,17142,9858,1
1310,128,17142,9858,1
1311,223,17142,9858,1
1312,70,17128,9873,1
1313,70,17128,9873,1
1314,223,17128,9873,1
1315,128,17128,9873,1
1316,33,17162,9843,1
1317,186,17162,9843,1
1318,186,17162,9843,1
1319,33,17162,9843,1
1320,128,17117,9884,1
1321,223,17117,9884,1
1322,70,17117,9884,1
1323,70,17117,9884,1
1324,223,17141,9868,1
1325,128,17141,9868,1
1326,33,17141,9868,1
1327,186,17141,9868,1
1328,186,17142,9858,1
1329,33,17142,9858,1
1330,128,17142,9858,1
1331,223,17142,9858,1
1332,70,17128,9873,1
1333,70,17128,9873,1
1334,223,17128,9873,1
1335,128,17128,9873,1
1336,33,17162,9843,1
1337,186,17162,9843,1
1338,186,17162,9843,1
1339,33,17162,9843,1
1340,128,17117,9884,1
1341,223,17117,9884,1
1342,70,17117,9884,1
1343,70,17117,9884,1
1344,223,17141,9868,1
1345,128,17141,9868,1
1346,33,17141,9868,1
1347,186,17141,9868,1
1348,186,17142,9858,1
1349,33,17142,9858,1
1350,128,17142,9858,1
1351,223,17142,9858,1
1352,70,17128,9873,1
1353,70,17128,9873,1
1354,223,17128,9873,1
1355,128,17128,9873,1
1356,33,17162,9843,1
1357,186,17162,9843,1
1358,186,17162,9843,1
1359,33,17162,9843,1
1360,128,17117,9884,1
1361,223,17117,9884,1
1362,70,17117,9884,1
1363,70,17117,9884,1
1364,223,17141,9868,1
1365,128,17141,9868,1
1366,33,17141,9868,1
1367,186,17141,9868,1
1368,186,17142,9858,1
1369,33,17142,9858,1
1370,128,17142,9858,1
1371,223,17142,9858,1
1372,70,17128,9873,1
1373,70,17128,9873,1
1374,223,17128,9873,1
1375,128,17128,9873,1
1376,33,17162,9843,1
1377,186,17162,9843,1
1378,186,17162,9843,1
1379,33,17162,9843,1
1380,128,17117,9884,1
1381,223,17117,9884,1
1382,70,17117,9884,1
1383,70,17117,9884,1
1384,223,17141,9868,1
1385,128,17141,9868,1
1386,33,17141,9868,1
1387,186,17141,9868,1
1388,186,17142,9858,1
1389,33,17142,9858,1
1390,128,17142,9858,1
1391,223,17142,9858,1
1392,70,17128,9873,1
1393,70,17128,9873,1
1394,223,17128,9873,1
1395,128,17128,9873,1
1396,33,17162,9843,1
1397,186,17162,9843,1
1398,186,17162,9843,1
1399,33,17162,9843,1
1400,128,17117,9884,1
1401,223,17117,9884,1
1402,70,17117,9884,1
1403,70,17117,9884,1
1404,223,17141,9868,1
1405,128,17141,9868,1
1406,33,17141,9868,1
1407,186,17141,9868,1
1408,186,17142,9858,1
1409,33,17142,9858,1
1410,128,17142,9858,1
1411,223,17142,9858,1
1412,70,17128,9873,1
1413,70,17128,9873,1
1414,223,17128,9873,1
1415,128,17128,9873,1
1416,33,17162,9843,1
1417,186,17162,9843,1
1418,186,17162,9843,1
1419,33,17162,9843,1
1420,128,17117,9884,1
1421,223,17117,9884,1
1422,70,17117,9884,1
1423,70,17117,9884,1
1424,223,17141,9868,1
1425,128,17141,9868,1
1426,33,17141,9868,1
1427,186,17141,9868,1
1428,186,17142,9858,1
1429,33,17142,9858,1
1430,128,17142,9858,1
1431,223,17142,9858,1
1432,70,17128,9873,1
1433,70,17128,9873,1
1434,223,17128,9873,1
1435,128,17128,9873,1
1436,33,17162,9843,1
1437,186,17162,9843,1
1438,186,17162,9843,1
1439,33,17162,9843,1
1440,128,17117,9884,1
1441,223,17117,9884,1
1442,70,17117,9884,1
1443,70,17117,9884,1
1444,223,17141,9868,1
1445,128,17141,9868,1
1446,33,17141,9868,1
1447,186,17141,9868,1
1448,186,17142,9858,1
1449,33,17142,9858,1
1450,128,17142,9858,1
1451,223,17142,9858,1
1452,70,17128,9873,1
1453,70,17128,9873,1
1454,223,17128,9873,1
1455,128,17128,9873,1
1456,33,17162,9843,1
1457,186,17162,9843,1
1458,186,17162,9843,1
1459,33,17162,9843,1
1460,128,17117,9884,1
1461,223,17117,9884,1
1462,70,17117,9884,1
1463,70,17117,9884,1
1464,223,17141,9868,1
1465,128,17141,9868,1
1466,33,17141,9868,1
1467,186,17141,9868,1
1468,186,17142,9858,1
1469,33,17142,9858,1
1470,128,17142,9858,1
1471,223,17142,9858,1
1472,70,17128,9873,1
1473,70,17128,9873,1
1474,223,17128,9873,1
1475,128,17128,9873,1
1476,33,17162,9843,1
1477,186,17162,9843,1
1478,186,17162,9843,1
1479,33,17162,9843,1
1480,128,17117,9884,1
1481,223,17117,9884,1
1482,70,17117,9884,1
1483,70,17117,9884,1
1484,223,17141,9868,1
1485,128,17141,9868,1
1486,33,17141,9868,1
1487,186,17141,9868,1
1488,186,17142,9858,1
1489,33,17142,9858,1
1490,128,17142,9858,1
1491,223,17142,9858,1
1492,70,17128,9873,1
1493,70,17128,9873,1
1494,223,17128,9873,1
1495,128,17128,9873,1
1496,33,17162,9843,1
1497,186,17162,9843,1
1498,186,17162,9843,1
1499,33,17162,9843,1
1500,128,17117,9884,1
1501,223,17117,9884,1
1502,70,17117,9884,1
1503,70,17117,9884,1
1504,223,17141,9868,1
1505,128,17141,9868,1
1506,33,17141,9868,1
1507,186,17141,9868,1
1508,186,17142,9858,1
1509,33,17142,9858,1
1510,128,17142,9858,1
1511,223,17142,9858,1
1512,70,17128,9873,1
1513,70,17128,9873,1
1514,223,17128,9873,1
1515,128,17128,9873,1
1516,33,17162,9843,1
1517,186,17162,9843,1
1518,186,17162,9843,1
1519,33,17162,9843,1
1520,128,17117,9884,1
1521,223,17117,9884,1
1522,70,17117,9884,1
1523,70,17117,9884,1
1524,223,17141,9868,1
1525,128,17141,9868,1
1526,33,17141,9868,1
1527,186,17141,9868,1
1528,186,17142,9858,1
1529,33,17142,9858,1
1530,128,17142,9858,1
1531,223,17142,9858,1
1532,70,17128,9873,1
1533,70,17128,9873,1
1534,223,17128,9873,1
1535,128,17128,9873,1
1536,33,17162,9843,1
1537,186,17162,9843,1
1538,186,17162,9843,1
1539,33,17162,9843,1
1540,128,17117,9884,1
1541,223,17117,9884,1
1542,70,17117,9884,1
1543,70,17117,9884,1
1544,223,17141,9868,1
1545,128,17141,9868,1
1546,33,17141,9868,1
1547,186,17141,9868,1
1548,186,17142,9858,1
1549,33,17142,9858,1
1550,128,17142,9858,1
1551,223,17142,9858,1
1552,70,17128,9873,1
1553,70,17128,9873,1
1554,223,17128,9873,1
1555,128,17128,9873,1
1556,33,17162,9843,1
1557,186,17162,9843,1
1558,186,17162,9843,1
1559,33,17162,9843,1
1560,128,17117,9884,1
1561,223,17117,9884,1
1562,70,17117,9884,1
1563,70,17117,9884,1
1564,223,17141,9868,1
1565,128,17141,9868,1
1566,33,17141,9868,1
1567,186,17141,9868,1
1568,186,17142,9858,1
1569,33,17142,9858,1
1570,128,17142,9858,1
1571,223,17142,9858,1
1572,70,17128,9873,1
1573,70,17128,9873,1
1574,223,17128,9873,1
1575,128,17128,9873,1
1576,33,17162,9843,1
1577,186,17162,9843,1
1578,186,17162,9843,1
1579,33,17162,9843,1
1580,128,17117,9884,1
1581,223,17117,9884,1
1582,70,17117,9884,1
1583,70,17117,9884,1
1584,223,17141,9868,1
1585,128,17141,9868,1
1586,33,17141,9868,1
1587,186,17141,9868,1
1588,186,17142,9858,1
1589,33,17142,9858,1
1590,128,17142,9858,1
1591,223,17142,9858,1
1592,70,17128,9873,1
1593,70,17128,9873,1
1594,223,17128,9873,1
1595,128,17128,9873,1
1596,33,17162,9843,1
1597,186,17162,9843,1
1598,186,17162,9843,1
1599,33,17162,9843,1
1600,128,17117,9884,1
1601,223,17117,9884,1
1602,70,17117,9884,1
1603,70,17117,9884,1
1604,223,17141,9868,1
1605,128,17141,9868,1
1606,33,17141,9868,1
1607,186,17141,9868,1
1608,186,17142,9858,1
1609,33,17142,9858,1
1610,128,17142,9858,1
1611,223,17142,9858,1
1612,70,17128,9873,1
1613,70,17128,9873,1
1614,223,17128,9873,1
1615,128,17128,9873,1
1616,33,17162,9843,1
1617,186,17162,9843,1
1618,186,17162,9843,1
1619,33,17162,9843,1
1620,128,17117,9884,1
1621,223,17117,9884,1
1622,70,17117,9884,1
1623,70,17117,9884,1
1624,223,17141,9868,1
1625,128,17141,9868,1
1626,33,17141,9868,1
1627,186,17141,9868,1
1628,186,17142,9858,1
1629,33,17142,9858,1
1630,128,17142,9858,1
1631,223,17142,9858,1
1632,70,17128,9873,1
1633,70,17128,9873,1
1634,223,17128,9873,1
1635,128,17128,9873,1
1636,33,17162,9843,1
1637,186,17162,9843,1
1638,186,17162,9843,1
1639,33,17162,9843,1
1640,128,17117,9884,1
1641,223,17117,9884,1
1642,70,17117,9884,1
1643,70,17117,9884,1
1644,223,17141,9868,1
1645,128,17141,9868,1
1646,33,17141,9868,1
1647,186,17141,9868,1
1648,186,17142,9858,1
1649,33,17142,9858,1
1650,128,17142,9858,1
1651,223,17142,9858,1
1652,70,17128,9873,1
1653,70,17128,9873,1
1654,223,17128,9873,1
1655,128,17128,9873,1
1656,33,17162,9843,1
1657,186,17162,9843,1
1658,186,17162,9843,1
1659,33,17162,9843,1
1660,128,17117,9884,1
1661,223,17117,9884,1
1662,70,17117,9884,1
1663,70,17117,9884,1
1664,223,17141,9868,1
1665,128,17141,9868,1
1666,33,17141,9868,1
1667,186,17141,9868,1
1668,186,17142,9858,1
1669,33,17142,9858,1
1670,128,17142,9858,1
1671,223,17142,9858,1
1672,70,17128,9873,1
1673,70,17128,9873,1
1674,223,17128,9873,1
1675,128,17128,9873,1
1676,33,17162,9843,1
1677,186,17162,9843,1
1678,186,17162,9843,1
1679,33,17162,9843,1
1680,128,17117,9884,1
1681,223,17117,9884,1
1682,70,17117,9884,1
1683,70,17117,9884,1
1684,223,17141,9868,1
1685,128,17141,9868,1
1686,33,17141,9868,1
1687,186,17141,9868,1
1688,186,17142,9858,1
1689,33,17142,9858,1
1690,128,17142,9858,1
1691,223,17142,9858,1
1692,70,17128,9873,1
1693,70,17128,9873,1
1694,223,17128,9873,1
1695,128,17128,9873,1
1696,33,17162,9843,1
1697,186,17162,9843,1
1698,186,17162,9843,1
1699,33,17162,9843,1
1700,128,17117,9884,1
1701,223,17117,9884,1
1702,70,17117,9884,1
1703,70,17117,9884,1
1704,223,17141,9868,1
1705,128,17141,9868,1
1706,33,17141,9868,1
1707,186,17141,9868,1
1708,186,17142,9858,1
1709,33,17142,9858,1
1710,128,17142,9858,1
1711,223,17142,9858,1
1712,70,17128,9873,1
1713,70,17128,9873,1
1714,223,17128,9873,1
1715,128,17128,9873,1
1716,33,17162,9843,1
1717,186,17162,9843,1
1718,186,17162,9843,1
1719,33,17162,9843,1
1720,128,17117,9884,1
1721,223,17117,9884,1
1722,70,17117,9884,1
1723,70,17117,9884,1
1724,223,17141,9868,1
1725,128,17141,9868,1
1726,33,17141,9868,1
1727,186,17141,9868,1
1728,186,17142,9858,1
1729,33,17142,9858,1
1730,128,17142,9858,1
1731,223,17142,9858,1
1732,70,17128,9873,1
1733,70,17128,9873,1
1734,223,17128,9873,1
1735,128,17128,9873,1
1736,33,17162,9843,1
1737,186,17162,9843,1
1738,186,17162,9843,1
1739,33,17162,9843,1
1740,128,17117,9884,1
1741,223,17117,9884,1
1742,70,17117,9884,1
1743,70,17117,9884,1
1744,223,17141,9868,1
1745,128,17141,9868,1
1746,33,17141,9868,1
1747,186,17141,9868,1
1748,186,17142,9858,1
1749,33,17142,9858,1
1750,128,17142,9858,1
1751,223,17142,9858,1
1752,70,17128,9873,1
1753,70,17128,9873,1
1754,223,17128,9873,1
1755,128,17128,9873,1
1756,33,17162,9843,1
1757,186,17162,9843,1
1758,186,17162,9843,1
1759,33,17162,9843,1
1760,128,17117,9884,1
1761,223,17117,9884,1
1762,70,17117,9884,1
1763,70,17117,9884,1
1764,223,17141,9868,1
1765,128,17141,9868,1
1766,33,17141,9868,1
1767,186,17141,9868,1
1768,186,17142,9858,1
1769,33,17142,9858,1
1770,128,17142,9858,1
1771,223,17142,9858,1
1772,70,17128,9873,1
1773,70,17128,9873,1
1774,223,17128,9873,1
1775,128,17128,9873,1
1776,33,17162,9843,1
1777,186,17162,9843,1
1778,186,17162,9843,1
1779,33,17162,9843,1
1780,128,17117,9884,1
1781,223,17117,9884,1
1782,70,17117,9884,1
1783,70,17117,9884,1
1784,223,17141,9868,1
1785,128,17141,9868,1
1786,33,17141,9868,1
1787,186,17141,9868,1
1788,186,17142,9858,1
1789,33,17142,9858,1
1790,128,17142,9858,1
1791,223,17142,9858,1
1792,70,17128,9873,1
1793,70,17128,9873,1
1794,223,17128,9873,1
1795,128,17128,9873,1
1796,33,17162,9843,1
1797,186,17162,9843,1
1798,186,17162,9843,1
1799,33,17162,9843,1
1800,128,17117,9884,1
1801,223,17117,9884,1
1802,70,17117,9884,1
1803,70,17117,9884,1
1804,223,17141,9868,1
1805,128,17141,9868,1
1806,33,17141,9868,1
1807,186,17141,9868,1
1808,186,17142,9858,1
1809,33,17142,9858,1
1810,128,17142,9858,1
1811,223,17142,9858,1
1812,70,17128,9873,1
1813,70,17128,9873,1
1814,223,17128,9873,1
1815,128,17128,9873,1
1816,33,17162,9843,1
1817,186,17162,9843,1
1818,186,17162,9843,1
1819,33,17162,9843,1
1820,128,17117,9884,1
1821,223,17117,9884,1
1822,70,17117,9884,1
1823,70,17117,9884,1
1824,223,17141,9868,1
1825,128,17141,9868,1
1826,33,17141,9868,1
1827,186,17141,9868,1
1828,186,17142,9858,1
1829,33,17142,9858,1
1830,128,17142,9858,1
1831,223,17142,9858,1
1832,70,17128,9873,1
1833,70,17128,9873,1
1834,223,17128,9873,1
1835,128,17128,9873,1
1836,33,17162,9843,1
1837,186,17162,9843,1
1838,186,17162,9843,1
1839,33,17162,9843,1
1840,128,17117,9884,1
1841,223,17117,9884,1
1842,70,17117,9884,1
1843,70,17117,9884,1
1844,223,17141,9868,1
1845,128,17141,9868,1
1846,33,17141,9868,1
1847,186,17141,9868,1
1848,186,17142,9858,1
1849,33,17142,9858,1
1850,128,17142,9858,1
1851,223,17142,9858,1
1852,70,17128,9873,1
1853,70,17128,9873,1
1854,223,17128,9873,1
1855,128,17128,9873,1
1856,33,17162,9843,1
1857,186,17162,9843,1
1858,186,17162,9843,1
1859,33,17162,9843,1
1860,128,17117,9884,1
1861,223,17117,9884,1
1862,70,17117,9884,1
1863,70,17117,9884,1
1864,223,17141,9868,1
1865,128,17141,9868,1
1866,33,17141,9868,1
1867,186,17141,9868,1
1868,186,17142,9858,1
1869,33,17142,9858,1
1870,128,17142,9858,1
1871,223,17142,9858,1
1872,70,17128,9873,1
1873,70,17128,9873,1
1874,223,17128,9873,1
1875,128,17128,9873,1
1876,33,17162,9843,1
1877,186,17162,9843,1
1878,186,17162,9843,1
1879,33,17162,9843,1
1880,128,17117,9884,1
1881,223,17117,9884,1
1882,70,17117,9884,1
1883,70,17117,9884,1
1884,223,17141,9868,1
1885,128,17141,9868,1
1886,33,17141,9868,1
1887,186,17141,9868,1
1888,186,17142,9858,1
1889,33,17142,9858,1
1890,128,17142,9858,1
1891,223,17142,9858,1
1892,70,17128,9873,1
1893,70,17128,9873,1
1894,223,17128,9873,1
1895,128,17128,9873,1
1896,33,17162,9843,1
1897,186,17162,9843,1
1898,186,17162,9843,1
1899,33,17162,9843,1
1900,128,17117,9884,1
1901,223,17117,9884,1
1902,70,17117,9884,1
1903,70,17117,9884,1
1904,223,17141,9868,1
1905,128,17141,9868,1
1906,33,17141,9868,1
1907,186,17141,9868,1
1908,186,17142,9858,1
1909,33,17142,9858,1
1910,128,17142,9858,1
1911,223,17142,9858,1
1912,70,17128,9873,1
1913,70,17128,9873,1
1914,223,17128,9873,1
1915,128,17128,9873,1
1916,33,17162,9843,1
1917,186,17162,9843,1
1918,186,17162,9843,1
1919,33,17162,9843,1
1920,128,17117,9884,1
1921,223,17117,9884,1
1922,70,17117,9884,1
1923,70,17117,9884,1
1924,223,17141,9868,1
1925,128,17141,9868,1
1926,33,17141,9868,1
1927,186,17141,9868,1
1928,186,17142,9858,1
1929,33,17142,9858,1
1930,128,17142,9858,1
1931,223,17142,9858,1
1932,70,17128,9873,1
1933,70,17128,9873,1
1934,223,17128,9873,1
1935,128,17128,9873,1
1936,33,17162,9843,1
1937,186,17162,9843,1
1938,186,17162,9843,1
1939,33,17162,9843,1
1940,128,17117,9884,1
1941,223,17117,9884,1
1942,70,17117,9884,1
1943,70,17117,9884,1
1944,223,17141,9868,1
1945,128,17141,9868,1
1946,33,17141,9868,1
1947,186,17141,9868,1
1948,186,17142,9858,1
1949,33,17142,9858,1
1950,128,17142,9858,1
1951,223,17142,9858,1
1952,70,17128,9873,1
1953,70,17128,9873,1
1954,223,17128,9873,1
1955,128,17128,9873,1
1956,33,17162,9843,1
1957,186,17162,9843,1
1958,186,17162,9843,1
1959,33,17162,9843,1
1960,128,17117,9884,1
1961,223,17117,9884,1
1962,70,17117,9884,1
1963,70,17117,9884,1
1964,223,17141,9868,1
1965,128,17141,9868,1
1966,33,17141,9868,1
1967,186,17141,9868,1
1968,186,17142,9858,1
1969,33,17142,9858,1
1970,128,17142,9858,1
1971,223,17142,9858,1
1972,70,17128,9873,1
1973,70,17128,9873,1
1974,223,17128,9873,1
1975,128,17128,9873,1
1976,33,17162,9843,1
1977,186,17162,9843,1
1978,186,17162,9843,1
1979,33,17162,9843,1
1980,128,17117,9884,1
1981,223,17117,9884,1
1982,70,17117,9884,1
1983,70,17117,9884,1
1984,223,17141,9868,1
1985,128,17141,9868,1
1986,33,17141,9868,1
1987,186,17141,9868,1
1988,186,17142,9858,1
1989,33,17142,9858,1
1990,128,17142,9858,1
1991,223,17142,9858,1
1992,70,17128,9873,1
1993,70,17128,9873,1
1994,223,17128,9873,1
1995,128,17128,9873,1
1996,33,17162,9843,1
1997,186,17162,9843,1
1998,186,17162,9843,1
1999,33,17162,9843,1
2000,128,17117,9884,1
2001,223,17117,9884,1
2002,70,17117,9884,1
2003,70,17117,9884,1
2004,223,17141,9868,1
2005,128,17141,9868,1
2006,33,17141,9868,1
2007,186,17141,9868,1
2008,186,17142,9858,1
2009,33,17142,9858,1
2010,128,17142,9858,1
2011,223,17142,9858,1
2012,70,17128,9873,1
2013,70,17128,9873,1
2014,223,17128,9873,1
2015,128,17128,9873,1
2016,33,17162,9843,1
2017,186,17162,9843,1
2018,186,17162,9843,1
2019,33,17162,9843,1
2020,128,17117,9884,1
2021,223,17117,9884,1
2022,70,17117,9884,1
2023,70,17117,9884,1
2024,223,17141,9868,1
2025,128,17141,9868,1
2026,33,17141,9868,1
2027,186,17141,9868,1
2028,186,17142,9858,1
2029,33,17142,9858,1
2030,128,17142,9858,1
2031,223,17142,9858,1
2032,70,17128,9873,1
2033,70,17128,9873,1
2034,223,17128,9873,1
2035,128,17128,9873,1
2036,33,17162,9843,1
2037,186,17162,9843,1
2038,186,17162,9843,1
2039,33,17162,9843,1
2040,128,17117,9884,1
2041,223,17117,9884,1
2042,70,17117,9884,1
2043,70,17117,9884,1
2044,223,17141,9868,1
2045,128,17141,9868,1
2046,33,17141,9868,1
2047,186,17141,9868,1
2048,186,17142,9858,1
2049,33,17142,9858,1
2050,128,17142,9858,1
2051,223,17142,9858,1
2052,70,17128,9873,1
2053,70,17128,9873,1
2054,223,17128,9873,1
2055,128,17128,9873,1
2056,33,17162,9843,1
2057,186,17162,9843,1
2058,186,17162,9843,1
2059,33,17162,9843,1
2060,128,17117,9884,1
2061,223,17117,9884,1
2062,70,17117,9884,1
2063,70,17117,9884,1
2064,223,17141,9868,1
2065,128,17141,9868,1
2066,33,17141,9868,1
2067,186,17141,9868,1
2068,186,17142,9858,1
2069,33,17142,9858,1
2070,128,17142,9858,1
2071,223,17142,9858,1
2072,70,17128,9873,1
2073,70,17128,9873,1
2074,223,17128,9873,1
2075,128,17128,9873,1
2076,33,17162,9843,1
2077,186,17162,9843,1
2078,186,17162,9843,1
2079,33,17162,9843,1
2080,128,17117,9884,1
2081,223,17117,9884,1
2082,70,17117,9884,1
2083,70,17117,9884,1
2084,223,17141,9868,1
2085,128,17141,9868,1
2086,33,17141,9868,1
2087,186,17141,9868,1
2088,186,17142,9858,1
2089,33,17142,9858,1
2090,128,17142,9858,1
2091,223,17142,9858,1
2092,70,17128,9873,1
2093,70,17128,9873,1
2094,223,17128,9873,1
2095,128,17128,9873,1
2096,33,17162,9843,1
2097,186,17162,9843,1
2098,186,17162,9843,1
2099,33,17162,9843,1
2100,128,17117,9884,1
2101,223,17117,9884,1
2102,70,17117,9884,1
2103,70,17117,9884,1
2104,223,17141,9868,1
2105,128,17141,9868,1
2106,33,17141,9868,1
2107,186,17141,9868,1
2108,186,17142,9858,1
2109,33,17142,9858,1
2110,128,17142,9858,1
2111,223,17142,9858,1
2112,70,17128,9873,1
2113,70,17128,9873,1
2114,223,17128,9873,1
2115,128,17128,9873,1
2116,33,17162,9843,1
2117,186,17162,9843,1
2118,186,17162,9843,1
2119,33,17162,9843,1
2120,128,17117,9884,1
2121,223,17117,9884,1
2122,70,17117,9884,1
2123,70,17117,9884,1
2124,223,17141,9868,1
2125,128,17141,9868,1
2126,33,17141,9868,1
2127,186,17141,9868,1
2128,186,17142,9858,1
2129,33,17142,9858,1
2130,128,17142,9858,1
2131,223,17142,9858,1
2132,70,17128,9873,1
2133,70,17128,9873,1
2134,223,17128,9873,1
2135,128,17128,9873,1
2136,33,17162,9843,1
2137,186,17162,9843,1
2138,186,17162,9843,1
2139,33,17162,9843,1
2140,128,17117,9884,1
2141,223,17117,9884,1
2142,70,17117,9884,1
2143,70,17117,9884,1
2144,223,17141,9868,1
2145,128,17141,9868,1
2146,33,17141,9868,1
2147,186,17141,9868,1
2148,186,17142,9858,1
2149,33,17142,9858,1
2150,128,17142,9858,1
2151,223,17142,9858,1
2152,70,17128,9873,1
2153,70,17128,9873,1
2154,223,17128,9873,1
2155,128,17128,9873,1
2156,33,17162,9843,1
2157,186,17162,9843,1
2158,186,17162,9843,1
2159,33,17162,9843,1
2160,128,17117,9884,1
2161,223,17117,9884,1
2162,70,17117,9884,1
2163,70,17117,9884,1
2164,223,17141,9868,1
2165,128,17141,9868,1
2166,33,17141,9868,1
2167,186,17141,9868,1
2168,186,17142,9858,1
2169,33,17142,9858,1
2170,128,17142,9858,1
2171,223,17142,9858,1
2172,70,17128,9873,1
2173,70,17128,9873,1
2174,223,17128,9873,1
2175,128,17128,9873,1
2176,33,17162,9843,1
2177,186,17162,9843,1
2178,186,17162,9843,1
2179,33,17162,9843,1
2180,128,17117,9884,1
2181,223,17117,9884,1
2182,70,17117,9884,1
2183,70,17117,9884,1
2184,223,17141,9868,1
2185,128,17141,9868,1
2186,33,17141,9868,1
2187,186,17141,9868,1
2188,186,17142,9858,1
2189,33,17142,9858,1
2190,128,17142,9858,1
2191,223,17142,9858,1
2192,70,17128,9873,1
2193,70,17128,9873,1
2194,223,17128,9873,1
2195,128,17128,9873,1
2196,33,17162,9843,1
2197,186,17162,9843,1
2198,186,17162,9843,1
2199,33,17162,9843,1
2200,128,17117,9884,1
2201,223,17117,9884,1
2202,70,17117,9884,1
2203,70,17117,9884,1
2204,223,17141,9868,1
2205,128,17141,9868,1
2206,33,17141,9868,1
2207,186,17141,9868,1
2208,186,17142,9858,1
2209,33,17142,9858,1
2210,128,17142,9858,1
2211,223,17142,9858,1
2212,70,17128,9873,1
2213,70,17128,9873,1
2214,223,17128,9873,1
2215,128,17128,9873,1
2216,33,17162,9843,1
2217,186,17162,9843,1
2218,186,17162,9843,1
2219,33,17162,9843,1
2220,128,17117,9884,1
2221,223,17117,9884,1
2222,70,17117,9884,1
2223,70,17117,9884,1
2224,223,17141,9868,1
2225,128,17141,9868,1
2226,33,17141,9868,1
2227,186,17141,9868,1
2228,186,17142,9858,1
2229,33,17142,9858,1
2230,128,17142,9858,1
2231,223,17142,9858,1
2232,70,17128,9873,1
2233,70,17128,9873,1
2234,223,17128,9873,1
2235,128,17128,9873,1
2236,33,17162,9843,1
2237,186,17162,9843,1
2238,186,17162,9843,1
2239,33,17162,9843,1
2240,128,17117,9884,1
2241,223,17117,9884,1
2242,70,17117,9884,1
2243,70,17117,9884,1
2244,223,17141,9868,1
2245,128,17141,9868,1
2246,33,17141,9868,1
2247,186,17141,9868,1
2248,186,17142,9858,1
2249,33,17142,9858,1
2250,128,17142,9858,1
2251,223,17142,9858,1
2252,70,17128,9873,1
2253,70,17128,9873,1
2254,223,17128,9873,1
2255,128,17128,9873,1
2256,33,17162,9843,1
2257,186,17162,9843,1
2258,186,17162,9843,1
2259,33,17162,9843,1
2260,128,17117,9884,1
2261,223,17117,9884,1
2262,70,17117,9884,1
2263,70,17117,9884,1
2264,223,17141,9868,1
2265,128,17141,9868,1
2266,33,17141,9868,1
2267,186,17141,9868,1
2268,186,17142,9858,1
2269,33,17142,9858,1
2270,128,17142,9858,1
2271,223,17142,9858,1
2272,70,17128,9873,1
2273,70,17128,9873,1
2274,223,17128,9873,1
2275,128,17128,9873,1
2276,33,17162,9843,1
2277,186,17162,9843,1
2278,186,17162,9843,1
2279,33,17162,9843,1
2280,128,17117,9884,1
2281,223,17117,9884,1
2282,70,17117,9884,1
2283,70,17117,9884,1
2284,223,17141,9868,1
2285,128,17141,9868,1
2286,33,17141,9868,1
2287,186,17141,9868,1
2288,186,17142,9858,1
2289,33,17142,9858,1
2290,128,17142,9858,1
2291,223,17142,9858,1
2292,70,17128,9873,1
2293,70,17128,9873,1
2294,223,17128,9873,1
2295,128,17128,9873,1
2296,33,17162,9843,1
2297,186,17162,9843,1
2298,186,17162,9843,1
2299,33,17162,9843,1
2300,128,17117,9884,1
2301,223,17117,9884,1
2302,70,17117,9884,1
2303,70,17117,9884,1
2304,223,17141,9868,1
2305,128,17141,9868,1
2306,33,17141,9868,1
2307,186,17141,9868,1
2308,186,17142,9858,1
2309,33,17142,9858,1
2310,128,17142,9858,1
2311,223,17142,9858,1
2312,70,17128,9873,1
2313,70,17128,9873,1
2314,223,17128,9873,1
2315,128,17128,9873,1
2316,33,17162,9843,1
2317,186,17162,9843,1
2318,186,17162,9843,1
2319,33,17162,9843,1
2320,128,17117,9884,1
2321,223,17117,9884,1
2322,70,17117,9884,1
2323,70,17117,9884,1
2324,223,17141,9868,1
2325,128,17141,9868,1
2326,33,17141,9868,1
2327,186,17141,9868,1
2328,186,17142,9858,1
2329,33,17142,9858,1
2330,128,17142,9858,1
2331,223,17142,9858,1
2332,70,17128,9873,1
2333,70,17128,9873,1
2334,223,17128,9873,1
2335,128,17128,9873,1
2336,33,17162,9843,1
2337,186,17162,9843,1
2338,186,17162,9843,1
2339,33,17162,9843,1
2340,128,17117,9884,1
2341,223,17117,9884,1
2342,70,17117,9884,1
2343,70,17117,9884,1
2344,223,17141,9868,1
2345,128,17141,9868,1
2346,33,17141,9868,1
2347,186,17141,9868,1
2348,186,17142,9858,1
2349,33,17142,9858,1
2350,128,17142,9858,1
2351,223,17142,9858,1
2352,70,17128,9873,1
2353,70,17128,9873,1
2354,223,17128,9873,1
2355,128,17128,9873,1
2356,33,17162,9843,1
2357,186,17162,9843,1
2358,186,17162,9843,1
2359,33,17162,9843,1
2360,128,17117,9884,1
2361,223,17117,9884,1
2362,70,17117,9884,1
2363,70,17117,9884,1
2364,223,17141,9868,1
2365,128,17141,9868,1
2366,33,17141,9868,1
2367,186,17141,9868,1
2368,186,17142,9858,1
2369,33,17142,9858,1
2370,128,17142,9858,1
2371,223,17142,9858,1
2372,70,17128,9873,1
2373,70,17128,9873,1
2374,223,17128,9873,1
2375,128,17128,9873,1
2376,33,17162,9843,1
2377,186,17162,9843,1
2378,186,17162,9843,1
2379,33,17162,9843,1
2380,128,17117,9884,1
2381,223,17117,9884,1
2382,70,17117,9884,1
2383,70,17117,9884,1
2384,223,17141,9868,1
2385,128,17141,9868,1
2386,33,17141,9868,1
2387,186,17141,9868,1
2388,186,17142,9858,1
2389,33,17142,9858,1
2390,128,17142,9858,1
2391,223,17142,9858,1
2392,70,17128,9873,1
2393,70,17128,9873,1
2394,223,17128,9873,1
2395,128,17128,9873,1
2396,33,17162,9843,1
2397,186,17162,9843,1
2398,186,17162,9843,1
2399,33,17162,9843,1
2400,128,17117,9884,1
2401,223,17117,9884,1
2402,70,17117,9884,1
2403,70,17117,9884,1
2404,223,17141,9868,1
2405,128,17141,9868,1
2406,33,17141,9868,1
2407,186,17141,9868,1
2408,186,17142,9858,1
2409,33,17142,9858,1
2410,128,17142,9858,1
2411,223,17142,9858,1
2412,70,17128,9873,1
2413,70,17128,9873,1
2414,223,17128,9873,1
2415,128,17128,9873,1
2416,33,17162,9843,1
2417,186,17162,9843,1
2418,186,17162,9843,1
2419,33,17162,9843,1
2420,128,17117,9884,1
2421,223,17117,9884,1
2422,70,17117,9884,1
2423,70,17117,9884,1
2424,223,17141,9868,1
2425,128,17141,9868,1
2426,33,17141,9868,1
2427,186,17141,9868,1
2428,186,17142,9858,1
2429,33,17142,9858,1
2430,128,17142,9858,1
2431,223,17142,9858,1
2432,70,17128,9873,1
2433,70,17128,9873,1
2434,223,17128,9873,1
2435,128,17128,9873,1
2436,33,17162,9843,1
2437,186,17162,9843,1
2438,186,17162,9843,1
2439,33,17162,9843,1
2440,128,17117,9884,1
2441,223,17117,9884,1
2442,70,17117,9884,1
2443,70,17117,9884,1
2444,223,17141,9868,1
2445,128,17141,9868,1
2446,33,17141,9868,1
2447,186,17141,9868,1
2448,186,17142,9858,1
2449,33,17142,9858,1
2450,128,17142,9858,1
2451,223,17142,9858,1
2452,70,17128,9873,1
2453,70,17128,9873,1
2454,223,17128,9873,1
2455,128,17128,9873,1
2456,33,17162,9843,1
2457,186,17162,9843,1
2458,186,17162,9843,1
2459,33,17162,9843,1
2460,128,17117,9884,1
2461,223,17117,9884,1
2462,70,17117,9884,1
2463,70,17117,9884,1
2464,223,17141,9868,1
2465,128,17141,9868,1
2466,33,17141,9868,1
2467,186,17141,9868,1
2468,186,17142,9858,1
2469,33,17142,9858,1
2470,128,17142,9858,1
2471,223,17142,9858,1
2472,70,17128,9873,1
2473,70,17128,9873,1
2474,223,17128,9873,1
2475,128,17128,9873,1
2476,33,17162,9843,1
2477,186,17162,9843,1
2478,186,17162,9843,1
2479,33,17162,9843,1
2480,128,17117,9884,1
2481,223,17117,9884,1
2482,70,17117,9884,1
2483,70,17117,9884,1
2484,223,17141,9868,1
2485,128,17141,9868,1
2486,33,17141,9868,1
2487,186,17141,9868,1
2488,186,17142,9858,1
2489,33,17142,9858,1
2490,128,17142,9858,1
2491,223,17142,9858,1
2492,70,17128,9873,1
2493,70,17128,9873,1
2494,223,17128,9873,1
2495,128,17128,9873,1
2496,33,17162,9843,1
2497,186,17162,9843,1
2498,186,17162,9843,1
2499,33,17162,9843,1
2500,128,17117,9884,1
2501,223,17117,9884,1
2502,70,17117,9884,1
2503,70,17117,9884,1
2504,223,17141,9868,1
2505,128,17141,9868,1
2506,33,17141,9868,1
2507,186,17141,9868,1
2508,186,17142,9858,1
2509,33,17142,9858,1
2510,128,17142,9858,1
2511,223,17142,9858,1
2512,70,17128,9873,1
2513,70,17128,9873,1
2514,223,17128,9873,1
2515,128,17128,9873,1
2516,33,17162,9843,1
2517,186,17162,9843,1
2518,186,17162,9843,1
2519,33,17162,9843,1
2520,128,17117,9884,1
2521,223,17117,9884,1
2522,70,17117,9884,1
2523,70,17117,9884,1
2524,223,17141,9868,1
2525,128,17141,9868,1
2526,33,17141,9868,1
2527,186,17141,9868,1
2528,186,17142,9858,1
2529,33,17142,9858,1
2530,128,17142,9858,1
2531,223,17142,9858,1
2532,70,17128,9873,1
2533,70,17128,9873,1
2534,223,17128,9873,1
2535,128,17128,9873,1
2536,33,17162,9843,1
2537,186,17162,9843,1
2538,186,17162,9843,1
2539,33,17162,9843,1
2540,128,17117,9884,1
2541,223,17117,9884,1
2542,70,17117,9884,1
2543,70,17117,9884,1
2544,223,17141,9868,1
2545,128,17141,9868,1
2546,33,17141,9868,1
2547,186,17141,9868,1
2548,186,17142,9858,1
2549,33,17142,9858,1
2550,128,17142,9858,1
2551,223,17142,9858,1
2552,70,17128,9873,1
2553,70,17128,9873,1
2554,223,17128,9873,1
2555,128,17128,9873,1
2556,33,17162,9843,1
2557,186,17162,9843,1
2558,186,17162,9843,1
2559,33,17162,9843,1
2560,128,17117,9884,1
2561,223,17117,9884,1
2562,70,17117,9884,1
2563,70,17117,9884,1
2564,223,17141,9868,1
2565,128,17141,9868,1
2566,33,17141,9868,1
2567,186,17141,9868,1
2568,186,17142,9858,1
2569,33,17142,9858,1
2570,128,17142,9858,1
2571,223,17142,9858,1
2572,70,17128,9873,1
2573,70,17128,9873,1
2574,223,17128,9873,1
2575,128,17128,9873,1
2576,33,17162,9843,1
2577,186,17162,9843,1
2578,186,17162,9843,1
2579,33,17162,9843,1
2580,128,17117,9884,1
2581,223,17117,9884,1
2582,70,17117,9884,1
2583,70,17117,9884,1
2584,223,17141,9868,1
2585,128,17141,9868,1
2586,33,17141,9868,1
2587,186,17141,9868,1
2588,186,17142,9858,1
2589,33,17142,9858,1
2590,128,17142,9858,1
2591,223,17142,9858,1
2592,70,17128,9873,1
2593,70,17128,9873,1
2594,223,17128,9873,1
2595,128,17128,9873,1
2596,33,17162,9843,1
2597,186,17162,9843,1
2598,186,17162,9843,1
2599,33,17162,9843,1
2600,128,17117,9884,1
2601,223,17117,9884,1
2602,70,17117,9884,1
2603,70,17117,9884,1
2604,223,17141,9868,1
2605,128,17141,9868,1
2606,33,17141,9868,1
2607,186,17141,9868,1
2608,186,17142,9858,1
2609,33,17142,9858,1
2610,128,17142,9858,1
2611,223,17142,9858,1
2612,70,17128,9873,1
2613,70,17128,9873,1
2614,223,17128,9873,1
2615,128,17128,9873,1
2616,33,17162,9843,1
2617,186,17162,9843,1
2618,186,17162,9843,1
2619,33,17162,9843,1
2620,128,17117,9884,1
2621,223,17117,9884,1
2622,70,17117,9884,1
2623,70,17117,9884,1
2624,223,17141,9868,1
2625,128,17141,9868,1
2626,33,17141,9868,1
2627,186,17141,9868,1
2628,186,17142,9858,1
2629,33,17142,9858,1
2630,128,17142,9858,1
2631,223,17142,9858,1
2632,70,17128,9873,1
2633,70,17128,9873,1
2634,223,17128,9873,1
2635,128,17128,9873,1
2636,33,17162,9843,1
2637,186,17162,9843,1
2638,186,17162,9843,1
2639,33,17162,9843,1
2640,128,17117,9884,1
2641,223,17117,9884,1
2642,70,17117,9884,1
2643,70,17117,9884,1
2644,223,17141,9868,1
2645,128,17141,9868,1
2646,33,17141,9868,1
2647,186,17141,9868,1
2648,186,17142,9858,1
2649,33,17142,9858,1
2650,128,17142,9858,1
2651,223,17142,9858,1
2652,70,17128,9873,1
2653,70,17128,9873,1
2654,223,17128,9873,1
2655,128,17128,9873,1
2656,33,17162,9843,1
2657,186,17162,9843,1
2658,186,17162,9843,1
2659,33,17162,9843,1
2660,128,17117,9884,1
2661,223,17117,9884,1
2662,70,17117,9884,1
2663,70,17117,9884,1
2664,223,17141,9868,1
2665,128,17141,9868,1
2666,33,17141,9868,1
2667,186,17141,9868,1
2668,186,17142,9858,1
2669,33,17142,9858,1
2670,128,17142,9858,1
2671,223,17142,9858,1
2672,70,17128,9873,1
2673,70,17128,9873,1
2674,223,17128,9873,1
2675,128,17128,9873,1
2676,33,17162,9843,1
2677,186,17162,9843,1
2678,186,17162,9843,1
2679,33,17162,9843,1
2680,128,17117,9884,1
2681,223,17117,9884,1
2682,70,17117,9884,1
2683,70,17117,9884,1
2684,223,17141,9868,1
2685,128,17141,9868,1
2686,33,17141,9868,1
2687,186,17141,9868,1
2688,186,17142,9858,1
2689,33,17142,9858,1
2690,128,17142,9858,1
2691,223,17142,9858,1
2692,70,17128,9873,1
2693,70,17128,9873,1
2694,223,17128,9873,1
2695,128,17128,9873,1
2696,33,17162,9843,1
2697,186,17162,9843,1
2698,186,17162,9843,1
2699,33,17162,9843,1
2700,128,17117,9884,1
2701,223,17117,9884,1
2702,70,17117,9884,1
2703,70,17117,9884,1
2704,223,17141,9868,1
2705,128,17141,9868,1
2706,33,17141,9868,1
2707,186,17141,9868,1
2708,186,17142,9858,1
2709,33,17142,9858,1
2710,128,17142,9858,1
2711,223,17142,9858,1
2712,70,17128,9873,1
2713,70,17128,9873,1
2714,223,17128,9873,1
2715,128,17128,9873,1
2716,33,17162,9843,1
2717,186,17162,9843,1
2718,186,17162,9843,1
2719,33,17162,9843,1
2720,128,17117,9884,1
2721,223,17117,9884,1
2722,70,17117,9884,1
2723,70,17117,9884,1
2724,223,17141,9868,1
2725,128,17141,9868,1
2726,33,17141,9868,1
2727,186,17141,9868,1
2728,186,17142,9858,1
2729,33,17142,9858,1
2730,128,17142,9858,1
2731,223,17142,9858,1
2732,70,17128,9873,1
2733,70,17128,9873,1
2734,223,17128,9873,1
2735,128,17128,9873,1
2736,33,17162,9843,1
2737,186,17162,9843,1
2738,186,17162,9843,1
2739,33,17162,9843,1
2740,128,17117,9884,1
2741,223,17117,9884,1
2742,70,17117,9884,1
2743,70,17117,9884,1
2744,223,17141,9868,1
2745,128,17141,9868,1
2746,33,17141,9868,1
2747,186,17141,9868,1
2748,186,17142,9858,1
2749,33,17142,9858,1
2750,128,17142,9858,1
2751,223,17142,9858,1
2752,70,17128,9873,1
2753,70,17128,9873,1
2754,223,17128,9873,1
2755,128,17128,9873,1
2756,33,17162,9843,1
2757,186,17162,9843,1
2758,186,17162,9843,1
2759,33,17162,9843,1
2760,128,17117,9884,1
2761,223,17117,9884,1
2762,70,17117,9884,1
2763,70,17117,9884,1
2764,223,17141,9868,1
2765,128,17141,9868,1
2766,33,17141,9868,1
2767,186,17141,9868,1
2768,186,17142,9858,1
2769,33,17142,9858,1
2770,128,17142,9858,1
2771,223,17142,9858,1
2772,70,17128,9873,1
2773,70,17128,9873,1
2774,223,17128,9873,1
2775,128,17128,9873,1
2776,33,17162,9843,1
2777,186,17162,9843,1
2778,186,17162,9843,1
2779,33,17162,9843,1
2780,128,17117,9884,1
2781,223,17117,9884,1
2782,70,17117,9884,1
2783,70,17117,9884,1
2784,223,17141,9868,1
2785,128,17141,9868,1
2786,33,17141,9868,1
2787,186,17141,9868,1
2788,186,17142,9858,1
2789,33,17142,9858,1
2790,128,17142,9858,1
2791,223,17142,9858,1
2792,70,17128,9873,1
2793,70,17128,9873,1
2794,223,17128,9873,1
2795,128,17128,9873,1
2796,33,17162,9843,1
2797,186,17162,9843,1
2798,186,17162,9843,1
2799,33,17162,9843,1
2800,128,17117,9884,1
2801,223,17117,9884,1
2802,70,17117,9884,1
2803,70,17117,9884,1
2804,223,17141,9868,1
2805,128,17141,9868,1
2806,33,17141,9868,1
2807,186,17141,9868,1
2808,186,17142,9858,1
2809,33,17142,9858,1
2810,128,17142,9858,1
2811,223,17142,9858,1
2812,70,17128,9873,1
2813,70,17128,9873,1
2814,223,17128,9873,1
2815,128,17128,9873,1
2816,33,17162,9843,1
2817,186,17162,9843,1
2818,186,17162,9843,1
2819,33,17162,9843,1
2820,128,17117,9884,1
2821,223,17117,9884,1
2822,70,17117,9884,1
2823,70,17117,9884,1
2824,223,17141,9868,1
2825,128,17141,9868,1
2826,33,17141,9868,1
2827,186,17141,9868,1
2828,186,17142,9858,1
2829,33,17142,9858,1
2830,128,17142,9858,1
2831,223,17142,9858,1
2832,70,17128,9873,1
2833,70,17128,9873,1
2834,223,17128,9873,1
2835,128,17128,9873,1
2836,33,17162,9843,1
2837,186,17162,9843,1
2838,186,17162,9843,1
2839,33,17162,9843,1
2840,128,17117,9884,1
2841,223,17117,9884,1
2842,70,17117,9884,1
2843,70,17117,9884,1
2844,223,17141,9868,1
2845,128,17141,9868,1
2846,33,17141,9868,1
2847,186,17141,9868,1
2848,186,17142,9858,1
2849,33,17142,9858,1
2850,128,17142,9858,1
2851,223,17142,9858,1
2852,70,17128,9873,1
2853,70,17128,9873,1
2854,223,17128,9873,1
2855,128,17128,9873,1
2856,33,17162,9843,1
2857,186,17162,9843,1
2858,186,17162,9843,1
2859,33,17162,9843,1
2860,128,17117,9884,1
2861,223,17117,9884,1
2862,70,17117,9884,1
2863,70,17117,9884,1
2864,223,17141,9868,1
2865,128,17141,9868,1
2866,33,17141,9868,1
2867,186,17141,9868,1
2868,186,17142,9858,1
2869,33,17142,9858,1
2870,128,17142,9858,1
2871,223,17142,9858,1
2872,70,17128,9873,1
2873,70,17128,9873,1
2874,223,17128,9873,1
2875,128,17128,9873,1
2876,33,17162,9843,1
2877,186,17162,9843,1
2878,186,17162,9843,1
2879,33,17162,9843,1
2880,128,17117,9884,1
2881,223,17117,9884,1
2882,70,17117,9884,1
2883,70,17117,9884,1
2884,223,17141,9868,1
2885,128,17141,9868,1
2886,33,17141,9868,1
2887,186,17141,9868,1
2888,186,17142,9858,1
2889,33,17142,9858,1
2890,128,17142,9858,1
2891,223,17142,9858,1
2892,70,17128,9873,1
2893,70,17128,9873,1
2894,223,17128,9873,1
2895,128,17128,9873,1
2896,33,17162,9843,1
2897,186,17162,9843,1
2898,186,17162,9843,1
2899,33,17162,9843,1
2900,128,17117,9884,1
2901,223,17117,9884,1
2902,70,17117,9884,1
2903,70,17117,9884,1
2904,223,17141,9868,1
2905,128,17141,9868,1
2906,33,17141,9868,1
2907,186,17141,9868,1
2908,186,17142,9858,1
2909,33,17142,9858,1
2910,128,17142,9858,1
2911,223,17142,9858,1
2912,70,17128,9873,1
2913,70,17128,9873,1
2914,223,17128,9873,1
2915,128,17128,9873,1
2916,33,17162,9843,1
2917,186,17162,9843,1
2918,186,17162,9843,1
2919,33,17162,9843,1
2920,128,17117,9884,1
2921,223,17117,9884,1
2922,70,17117,9884,1
2923,70,17117,9884,1
2924,223,17141,9868,1
2925,128,17141,9868,1
2926,33,17141,9868,1
2927,186,17141,9868,1
2928,186,17142,9858,1
2929,33,17142,9858,1
2930,128,17142,9858,1
2931,223,17142,9858,1
2932,70,17128,9873,1
2933,70,17128,9873,1
2934,223,17128,9873,1
2935,128,17128,9873,1
2936,33,17162,9843,1
2937,186,17162,9843,1
2938,186,17162,9843,1
2939,33,17162,9843,1
2940,128,17117,9884,1
2941,223,17117,9884,1
2942,70,17117,9884,1
2943,70,17117,9884,1
2944,223,17141,9868,1
2945,128,17141,9868,1
2946,33,17141,9868,1
2947,186,17141,9868,1
2948,186,17142,9858,1
2949,33,17142,9858,1
2950,128,17142,9858,1
2951,223,17142,9858,1
2952,70,17128,9873,1
2953,70,17128,9873,1
2954,223,17128,9873,1
2955,128,17128,9873,1
2956,33,17162,9843,1
2957,186,17162,9843,1
2958,186,17162,9843,1
2959,33,17162,9843,1
2960,128,17117,9884,1
2961,223,17117,9884,1
2962,70,17117,9884,1
2963,70,17117,9884,1
2964,223,17141,9868,1
2965,128,17141,9868,1
2966,33,17141,9868,1
2967,186,17141,9868,1
2968,186,17142,9858,1
2969,33,17142,9858,1
2970,128,17142,9858,1
2971,223,17142,9858,1
2972,70,17128,9873,1
2973,70,17128,9873,1
2974,223,17128,9873,1
2975,128,17128,9873,1
2976,33,17162,9843,1
2977,186,17162,9843,1
2978,186,17162,9843,1
2979,33,17162,9843,1
2980,128,17117,9884,1
2981,223,17117,9884,1
2982,70,17117,9884,1
2983,70,17117,9884,1
2984,223,17141,9868,1
2985,128,17141,9868,1
2986,33,17141,9868,1
2987,186,17141,9868,1
2988,186,17142,9858,1
2989,33,17142,9858,1
2990,128,17142,9858,1
2991,223,17142,9858,1
2992,70,17128,9873,1
2993,70,17128,9873,1
2994,223,17128,9873,1
2995,128,17128,9873,1
2996,33,17162,9843,1
2997,186,17162,9843,1
2998,186,17162,9843,1
2999,33,17162,9843,1
3000,128,17117,9884,1
3001,223,17117,9884,1
3002,70,17117,9884,1
3003,70,17117,9884,1
3004,223,17141,9868,1
3005,128,17141,9868,1
3006,33,17141,9868,1
3007,186,17141,9868,1
3008,186,17142,9858,1
3009,33,17142,9858,1
3010,128,17142,9858,1
3011,223,17142,9858,1
3012,70,17128,9873,1
3013,70,17128,9873,1
3014,223,17128,9873,1
3015,128,17128,9873,1
3016,33,17162,9843,1
3017,186,17162,9843,1
3018,186,17162,9843,1
3019,33,17162,9843,1
3020,128,17117,9884,1
3021,223,17117,9884,1
3022,70,17117,9884,1
3023,70,17117,9884,1
3024,223,17141,9868,1
3025,128,17141,9868,1
3026,33,17141,9868,1
3027,186,17141,9868,1
3028,186,17142,9858,1
3029,33,17142,9858,1
3030,128,17142,9858,1
3031,223,17142,9858,1
3032,70,17128,9873,1
3033,70,17128,9873,1
3034,223,17128,9873,1
3035,128,17128,9873,1
3036,33,17162,9843,1
3037,186,17162,9843,1
3038,186,17162,9843,1
3039,33,17162,9843,1
3040,128,17117,9884,1
3041,223,17117,9884,1
3042,70,17117,9884,1
3043,70,17117,9884,1
3044,223,17141,9868,1
3045,128,17141,9868,1
3046,33,17141,9868,1
3047,186,17141,9868,1
3048,186,17142,9858,1
3049,33,17142,9858,1
3050,128,17142,9858,1
3051,223,17142,9858,1
3052,70,17128,9873,1
3053,70,17128,9873,1
3054,223,17128,9873,1
3055,128,17128,9873,1
3056,33,17162,9843,1
3057,186,17162,9843,1
3058,186,17162,9843,1
3059,33,17162,9843,1
3060,128,17117,9884,1
3061,223,17117,9884,1
3062,70,17117,9884,1
3063,70,17117,9884,1
3064,223,17141,9868,1
3065,128,17141,9868,1
3066,33,17141,9868,1
3067,186,17141,9868,1
3068,186,17142,9858,1
3069,33,17142,9858,1
3070,128,17142,9858,1
3071,223,17142,9858,1
3072,70,17128,9873,1
3073,70,17128,9873,1
3074,223,17128,9873,1
3075,128,17128,9873,1
3076,33,17162,9843,1
3077,186,17162,9843,1
3078,186,17162,9843,1
3079,33,17162,9843,1
3080,128,17117,9884,1
3081,223,17117,9884,1
3082,70,17117,9884,1
3083,70,17117,9884,1
3084,223,17141,9868,1
3085,128,17141,9868,1
3086,33,17141,9868,1
3087,186,17141,9868,1
3088,186,17142,9858,1
3089,33,17142,9858,1
3090,128,17142,9858,1
3091,223,17142,9858,1
3092,70,17128,9873,1
3093,70,17128,9873,1
3094,223,17128,9873,1
3095,128,17128,9873,1
3096,33,17162,9843,1
3097,186,17162,9843,1
3098,186,17162,9843,1
3099,33,17162,9843,1
3100,128,17117,9884,1
3101,223,17117,9884,1
3102,70,17117,9884,1
3103,70,17117,9884,1
3104,223,17141,9868,1
3105,128,17141,9868,1
3106,33,17141,9868,1
3107,186,17141,9868,1
3108,186,17142,9858,1
3109,33,17142,9858,1
3110,128,17142,9858,1
3111,223,17142,9858,1
3112,70,17128,9873,1
3113,70,17128,9873,1
3114,223,17128,9873,1
3115,128,17128,9873,1
3116,33,17162,9843,1
3117,186,17162,9843,1
3118,186,17162,9843,1
3119,33,17162,9843,1
3120,128,17117,9884,1
3121,223,17117,9884,1
3122,70,17117,9884,1
3123,70,17117,9884,1
3124,223,17141,9868,1
3125,128,17141,9868,1
3126,33,17141,9868,1
3127,186,17141,9868,1
3128,186,17142,9858,1
3129,33,17142,9858,1
3130,128,17142,9858,1
3131,223,17142,9858,1
3132,70,17128,9873,1
3133,70,17128,9873,1
3134,223,17128,9873,1
3135,128,17128,9873,1
3136,33,17162,9843,1
3137,186,17162,9843,1
3138,186,17162,9843,1
3139,33,17162,9843,1
3140,128,17117,9884,1
3141,223,17117,9884,1
3142,70,17117,9884,1
3143,70,17117,9884,1
3144,223,17141,9868,1
3145,128,17141,9868,1
3146,33,17141,9868,1
3147,186,17141,9868,1
3148,186,17142,9858,1
3149,33,17142,9858,1
3150,128,17142,9858,1
3151,223,17142,9858,1
3152,70,17128,9873,1
3153,70,17128,9873,1
3154,223,17128,9873,1
3155,128,17128,9873,1
3156,33,17162,9843,1
3157,186,17162,9843,1
3158,186,17162,9843,1
3159,33,17162,9843,1
3160,128,17117,9884,1
3161,223,17117,9884,1
3162,70,17117,9884,1
3163,70,17117,9884,1
3164,223,17141,9868,1
3165,128,17141,9868,1
3166,33,17141,9868,1
3167,186,17141,9868,1
3168,186,17142,9858,1
3169,33,17142,9858,1
3170,128,17142,9858,1
3171,223,17142,9858,1
3172,70,17128,9873,1
3173,70,17128,9873,1
3174,223,17128,9873,1
3175,128,17128,9873,1
3176,33,17162,9843,1
3177,186,17162,9843,1
3178,186,17162,9843,1
3179,33,17162,9843,1
3180,128,17117,9884,1
3181,223,17117,9884,1
3182,70,17117,9884,1
3183,70,17117,9884,1
3184,223,17141,9868,1
3185,128,17141,9868,1
3186,33,17141,9868,1
3187,186,17141,9868,1
3188,186,17142,9858,1
3189,33,17142,9858,1
3190,128,17142,9858,1
3191,223,17142,9858,1
3192,70,17128,9873,1
3193,70,17128,9873,1
3194,223,17128,9873,1
3195,128,17128,9873,1
3196,33,17162,9843,1
3197,186,17162,9843,1
3198,186,17162,9843,1
3199,33,17162,9843,1
3200,128,17117,9884,1
3201,223,17117,9884,1
3202,70,17117,9884,1
3203,70,17117,9884,1
3204,223,17141,9868,1
3205,128,17141,9868,1
3206,33,17141,9868,1
3207,186,17141,9868,1
3208,186,17142,9858,1
3209,33,17142,9858,1
3210,128,17142,9858,1
3211,223,17142,9858,1
3212,70,17128,9873,1
3213,70,17128,9873,1
3214,223,17128,9873,1
3215,128,17128,9873,1
3216,33,17162,9843,1
3217,186,17162,9843,1
3218,186,17162,9843,1
3219,33,17162,9843,1
3220,128,17117,9884,1
3221,223,17117,9884,1
3222,70,17117,9884,1
3223,70,17117,9884,1
3224,223,17141,9868,1
3225,128,17141,9868,1
3226,33,17141,9868,1
3227,186,17141,9868,1
3228,186,17142,9858,1
3229,33,17142,9858,1
3230,128,17142,9858,1
3231,223,17142,9858,1
3232,70,17128,9873,1
3233,70,17128,9873,1
3234,223,17128,9873,1
3235,128,17128,9873,1
3236,33,17162,9843,1
3237,186,17162,9843,1
3238,186,17162,9843,1
3239,33,17162,9843,1
3240,128,17117,9884,1
3241,223,17117,9884,1
3242,70,17117,9884,1
3243,70,17117,9884,1
3244,223,17141,9868,1
3245,128,17141,9868,1
3246,33,17141,9868,1
3247,186,17141,9868,1
3248,186,17142,9858,1
3249,33,17142,9858,1
3250,128,17142,9858,1
3251,223,17142,9858,1
3252,70,17128,9873,1
3253,70,17128,9873,1
3254,223,17128,9873,1
3255,128,17128,9873,1
3256,33,17162,9843,1
3257,186,17162,9843,1
3258,186,17162,9843,1
3259,33,17162,9843,1
3260,128,17117,9884,1
3261,223,17117,9884,1
3262,70,17117,9884,1
3263,70,17117,9884,1
3264,223,17141,9868,1
3265,128,17141,9868,1
3266,33,17141,9868,1
3267,186,17141,9868,1
3268,186,17142,9858,1
3269,33,17142,9858,1
3270,128,17142,9858,1
3271,223,17142,9858,1
3272,70,17128,9873,1
3273,70,17128,9873,1
3274,223,17128,9873,1
3275,128,17128,9873,1
3276,33,17162,9843,1
3277,186,17162,9843,1
3278,186,17162,9843,1
3279,33,17162,9843,1
3280,128,17117,9884,1
3281,223,17117,9884,1
3282,70,17117,9884,1
3283,70,17117,9884,1
3284,223,17141,9868,1
3285,128,17141,9868,1
3286,33,17141,9868,1
3287,186,17141,9868,1
3288,186,17142,9858,1
3289,33,17142,9858,1
3290,128,17142,9858,1
3291,223,17142,9858,1
3292,70,17128,9873,1
3293,70,17128,9873,1
3294,223,17128,9873,1
3295,128,17128,9873,1
3296,33,17162,9843,1
3297,186,17162,9843,1
3298,186,17162,9843,1
3299,33,17162,9843,1
3300,128,17117,9884,1
3301,223,17117,9884,1
3302,70,17117,9884,1
3303,70,17117,9884,1
3304,223,17141,9868,1
3305,128,17141,9868,1
3306,33,17141,9868,1
3307,186,17141,9868,1
3308,186,17142,9858,1
3309,33,17142,9858,1
3310,128,17142,9858,1
3311,223,17142,9858,1
3312,70,17128,9873,1
3313,70,17128,9873,1
3314,223,17128,9873,1
3315,128,17128,9873,1
3316,33,17162,9843,1
3317,186,17162,9843,1
3318,186,17162,9843,1
3319,33,17162,9843,1
3320,128,17117,9884,1
3321,223,17117,9884,1
3322,70,17117,9884,1
3323,70,17117,9884,1
3324,223,17141,9868,1
3325,128,17141,9868,1
3326,33,17141,9868,1
3327,186,17141,9868,1
3328,186,17142,9858,1
3329,33,17142,9858,1
3330,128,17142,9858,1
3331,223,17142,9858,1
3332,70,17128,9873,1
3333,70,17128,9873,1
3334,223,17128,9873,1
3335,128,17128,9873,1
3336,33,17162,9843,1
3337,186,17162,9843,1
3338,186,17162,9843,1
3339,33,17162,9843,1
3340,128,17117,9884,1
3341,223,17117,9884,1
3342,70,17117,9884,1
3343,70,17117,9884,1
3344,223,17141,9868,1
3345,128,17141,9868,1
3346,33,17141,9868,1
3347,186,17141,9868,1
3348,186,17142,9858,1
3349,33,17142,9858,1
3350,128,17142,9858,1
3351,223,17142,9858,1
3352,70,17128,9873,1
3353,70,17128,9873,1
3354,223,17128,9873,1
3355,128,17128,9873,1
3356,33,17162,9843,1
3357,186,17162,9843,1
3358,186,17162,9843,1
3359,33,17162,9843,1
3360,128,17117,9884,1
3361,223,17117,9884,1
3362,70,17117,9884,1
3363,70,17117,9884,1
3364,223,17141,9868,1
3365,128,17141,9868,1
3366,33,17141,9868,1
3367,186,17141,9868,1
3368,186,17142,9858,1
3369,33,17142,9858,1
3370,128,17142,9858,1
3371,223,17142,9858,1
3372,70,17128,9873,1
3373,70,17128,9873,1
3374,223,17128,9873,1
3375,128,17128,9873,1
3376,33,17162,9843,1
3377,186,17162,9843,1
3378,186,17162,9843,1
3379,33,17162,9843,1
3380,128,17117,9884,1
3381,223,17117,9884,1
3382,70,17117,9884,1
3383,70,17117,9884,1
3384,223,17141,9868,1
3385,128,17141,9868,1
3386,33,17141,9868,1
3387,186,17141,9868,1
3388,186,17142,9858,1
3389,33,17142,9858,1
3390,128,17142,9858,1
3391,223,17142,9858,1
3392,70,17128,9873,1
3393,70,17128,9873,1
3394,223,17128,9873,1
3395,128,17128,9873,1
3396,33,17162,9843,1
3397,186,17162,9843,1
3398,186,17162,9843,1
3399,33,17162,9843,1
3400,128,17117,9884,1
3401,223,17117,9884,1
3402,70,17117,9884,1
3403,70,17117,9884,1
3404,223,17141,9868,1
3405,128,17141,9868,1
3406,33,17141,9868,1
3407,186,17141,9868,1
3408,186,17142,9858,1
3409,33,17142,9858,1
3410,128,17142,9858,1
3411,223,17142,9858,1
3412,70,17128,9873,1
3413,70,17128,9873,1
3414,223,17128,9873,1
3415,128,17128,9873,1
3416,33,17162,9843,1
3417,186,17162,9843,1
3418,186,17162,9843,1
3419,33,17162,9843,1
3420,128,17117,9884,1
3421,223,17117,9884,1
3422,70,17117,9884,1
3423,70,17117,9884,1
3424,223,17141,9868,1
3425,128,17141,9868,1
3426,33,17141,9868,1
3427,186,17141,9868,1
3428,186,17142,9858,1
3429,33,17142,9858,1
3430,128,17142,9858,1
3431,223,17142,9858,1
3432,70,17128,9873,1
3433,70,17128,9873,1
3434,223,17128,9873,1
3435,128,17128,9873,1
3436,33,17162,9843,1
3437,186,17162,9843,1
3438,186,17162,9843,1
3439,33,17162,9843,1
3440,128,17117,9884,1
3441,223,17117,9884,1
3442,70,17117,9884,1
3443,70,17117,9884,1
3444,223,17141,9868,1
3445,128,17141,9868,1
3446,33,17141,9868,1
3447,186,17141,9868,1
3448,186,17142,9858,1
3449,33,17142,9858,1
3450,128,17142,9858,1
3451,223,17142,9858,1
3452,70,17128,9873,1
3453,70,17128,9873,1
3454,223,17128,9873,1
3455,128,17128,9873,1
3456,33,17162,9843,1
3457,186,17162,9843,1
3458,186,17162,9843,1
3459,33,17162,9843,1
3460,128,17117,9884,1
3461,223,17117,9884,1
3462,70,17117,9884,1
3463,70,17117,9884,1
3464,223,17141,9868,1
3465,128,17141,9868,1
3466,33,17141,9868,1
3467,186,17141,9868,1
3468,186,17142,9858,1
3469,33,17142,9858,1
3470,128,17142,9858,1
3471,223,17142,9858,1
3472,70,17128,9873,1
3473,70,17128,9873,1
3474,223,17128,9873,1
3475,128,17128,9873,1
3476,33,17162,9843,1
3477,186,17162,9843,1
3478,186,17162,9843,1
3479,33,17162,9843,1
3480,128,17117,9884,1
3481,223,17117,9884,1
3482,70,17117,9884,1
3483,70,17117,9884,1
3484,223,17141,9868,1
3485,128,17141,9868,1
3486,33,17141,9868,1
3487,186,17141,9868,1
3488,186,17142,9858,1
3489,33,17142,9858,1
3490,128,17142,9858,1
3491,223,17142,9858,1
3492,70,17128,9873,1
3493,70,17128,9873,1
3494,223,17128,9873,1
3495,128,17128,9873,1
3496,33,17162,9843,1
3497,186,17162,9843,1
3498,186,17162,9843,1
3499,33,17162,9843,1
3500,128,17117,9884,1
3501,223,17117,9884,1
3502,70,17117,9884,1
3503,70,17117,9884,1
3504,223,17141,9868,1
3505,128,17141,9868,1
3506,33,17141,9868,1
3507,186,17141,9868,1
3508,186,17142,9858,1
3509,33,17142,9858,1
3510,128,17142,9858,1
3511,223,17142,9858,1
3512,70,17128,9873,1
3513,70,17128,9873,1
3514,223,17128,9873,1
3515,128,17128,9873,1
3516,33,17162,9843,1
3517,186,17162,9843,1
3518,186,17162,9843,1
3519,33,17162,9843,1
3520,128,17117,9884,1
3521,223,17117,9884,1
3522,70,17117,9884,1
3523,70,17117,9884,1
3524,223,17141,9868,1
3525,128,17141,9868,1
3526,33,17141,9868,1
3527,186,17141,9868,1
3528,186,17142,9858,1
3529,33,17142,9858,1
3530,128,17142,9858,1
3531,223,17142,9858,1
3532,70,17128,9873,1
3533,70,17128,9873,1
3534,223,17128,9873,1
3535,128,17128,9873,1
3536,33,17162,9843,1
3537,186,17162,9843,1
3538,186,17162,9843,1
3539,33,17162,9843,1
3540,128,17117,9884,1
3541,223,17117,9884,1
3542,70,17117,9884,1
3543,70,17117,9884,1
3544,223,17141,9868,1
3545,128,17141,9868,1
3546,33,17141,9868,1
3547,186,17141,9868,1
3548,186,17142,9858,1
3549,33,17142,9858,1
3550,128,17142,9858,1
3551,223,17142,9858,1
3552,70,17128,9873,1
3553,70,17128,9873,1
3554,223,17128,9873,1
3555,128,17128,9873,1
3556,33,17162,9843,1
3557,186,17162,9843,1
3558,186,17162,9843,1
3559,33,17162,9843,1
3560,128,17117,9884,1
3561,223,17117,9884,1
3562,70,17117,9884,1
3563,70,17117,9884,1
3564,223,17141,9868,1
3565,128,17141,9868,1
3566,33,17141,9868,1
3567,186,17141,9868,1
3568,186,17142,9858,1
3569,33,17142,9858,1
3570,128,17142,9858,1
3571,223,17142,9858,1
3572,70,17128,9873,1
3573,70,17128,9873,1
3574,223,17128,9873,1
3575,128,17128,9873,1
3576,33,17162,9843,1
3577,186,17162,9843,1
3578,186,17162,9843,1
3579,33,17162,9843,1
3580,128,17117,9884,1
3581,223,17117,9884,1
3582,70,17117,9884,1
3583,70,17117,9884,1
3584,223,17141,9868,1
3585,128,17141,9868,1
3586,33,17141,9868,1
3587,186,17141,9868,1
3588,186,17142,9858,1
3589,33,17142,9858,1
3590,128,17142,9858,1
3591,223,17142,9858,1
3592,70,17128,9873,1
3593,70,17128,9873,1
3594,223,17128,9873,1
3595,128,17128,9873,1
3596,33,17162,9843,1
3597,186,17162,9843,1
3598,186,17162,9843,1
3599,33,17162,9843,1
3600,128,17117,9884,1
3601,223,17117,9884,1
3602,70,17117,9884,1
3603,70,17117,9884,1
3604,223,17141,9868,1
3605,128,17141,9868,1
3606,33,17141,9868,1
3607,186,17141,9868,1
3608,186,17142,9858,1
3609,33,17142,9858,1
3610,128,17142,9858,1
3611,223,17142,9858,1
3612,70,17128,9873,1
3613,70,17128,9873,1
3614,223,17128,9873,1
3615,128,17128,9873,1
3616,33,17162,9843,1
3617,186,17162,9843,1
3618,186,17162,9843,1
3619,33,17162,9843,1
3620,128,17117,9884,1
3621,223,17117,9884,1
3622,70,17117,9884,1
3623,70,17117,9884,1
3624,223,17141,9868,1
3625,128,17141,9868,1
3626,33,17141,9868,1
3627,186,17141,9868,1
3628,186,17142,9858,1
3629,33,17142,9858,1
3630,128,17142,9858,1
3631,223,17142,9858,1
3632,70,17128,9873,1
3633,70,17128,9873,1
3634,223,17128,9873,1
3635,128,17128,9873,1
3636,33,17162,9843,1
3637,186,17162,9843,1
3638,186,17162,9843,1
3639,33,17162,9843,1
3640,128,17117,9884,1
3641,223,17117,9884,1
3642,70,17117,9884,1
3643,70,17117,9884,1
3644,223,17141,9868,1
3645,128,17141,9868,1
3646,33,17141,9868,1
3647,186,17141,9868,1
3648,186,17142,9858,1
3649,33,17142,9858,1
3650,128,17142,9858,1
3651,223,17142,9858,1
3652,70,17128,9873,1
3653,70,17128,9873,1
3654,223,17128,9873,1
3655,128,17128,9873,1
3656,33,17162,9843,1
3657,186,17162,9843,1
3658,186,17162,9843,1
3659,33,17162,9843,1
3660,128,17117,9884,1
3661,223,17117,9884,1
3662,70,17117,9884,1
3663,70,17117,9884,1
3664,223,17141,9868,1
3665,128,17141,9868,1
3666,33,17141,9868,1
3667,186,17141,9868,1
3668,186,17142,9858,1
3669,33,17142,9858,1
3670,128,17142,9858,1
3671,223,17142,9858,1
3672,70,17128,9873,1
3673,70,17128,9873,1
3674,223,17128,9873,1
3675,128,17128,9873,1
3676,33,17162,9843,1
3677,186,17162,9843,1
3678,186,17162,9843,1
3679,33,17162,9843,1
3680,128,17117,9884,1
3681,223,17117,9884,1
3682,70,17117,9884,1
3683,70,17117,9884,1
3684,223,17141,9868,1
3685,128,17141,9868,1
3686,33,17141,9868,1
3687,186,17141,9868,1
3688,186,17142,9858,1
3689,33,17142,9858,1
3690,128,17142,9858,1
3691,223,17142,9858,1
3692,70,17128,9873,1
3693,70,17128,9873,1
3694,223,17128,9873,1
3695,128,17128,9873,1
3696,33,17162,9843,1
3697,186,17162,9843,1
3698,186,17162,9843,1
3699,33,17162,9843,1
3700,128,17117,9884,1
3701,223,17117,9884,1
3702,70,17117,9884,1
3703,70,17117,9884,1
3704,223,17141,9868,1
3705,128,17141,9868,1
3706,33,17141,9868,1
3707,186,17141,9868,1
3708,186,17142,9858,1
3709,33,17142,9858,1
3710,128,17142,9858,1
3711,223,17142,9858,1
3712,70,17128,9873,1
3713,70,17128,9873,1
3714,223,17128,9873,1
3715,128,17128,9873,1
3716,33,17162,9843,1
3717,186,17162,9843,1
3718,186,17162,9843,1
3719,33,17162,9843,1
3720,128,17117,9884,1
3721,223,17117,9884,1
3722,70,17117,9884,1
3723,70,17117,9884,1
3724,223,17141,9868,1
3725,128,17141,9868,1
3726,33,17141,9868,1
3727,186,17141,9868,1
3728,186,17142,9858,1
3729,33,17142,9858,1
3730,128,17142,9858,1
3731,223,17142,9858,1
3732,70,17128,9873,1
3733,70,17128,9873,1
3734,223,17128,9873,1
3735,128,17128,9873,1
3736,33,17162,9843,1
3737,186,17162,9843,1
3738,186,17162,9843,1
3739,33,17162,9843,1
3740,128,17117,9884,1
3741,223,17117,9884,1
3742,70,17117,9884,1
3743,70,17117,9884,1
3744,223,17141,9868,1
3745,128,17141,9868,1
3746,33,17141,9868,1
3747,186,17141,9868,1
3748,186,17142,9858,1
3749,33,17142,9858,1
3750,128,17142,9858,1
3751,223,17142,9858,1
3752,70,17128,9873,1
3753,70,17128,9873,1
3754,223,17128,9873,1
3755,128,17128,9873,1
3756,33,17162,9843,1
3757,186,17162,9843,1
3758,186,17162,9843,1
3759,33,17162,9843,1
3760,128,17117,9884,1
3761,223,17117,9884,1
3762,70,17117,9884,1
3763,70,17117,9884,1
3764,223,17141,9868,1
3765,128,17141,9868,1
3766,33,17141,9868,1
3767,186,17141,9868,1
3768,186,17142,9858,1
3769,33,17142,9858,1
3770,128,17142,9858,1
3771,223,17142,9858,1
3772,70,17128,9873,1
3773,70,17128,9873,1
3774,223,17128,9873,1
3775,128,17128,9873,1
3776,33,17162,9843,1
3777,186,17162,9843,1
3778,186,17162,9843,1
3779,33,17162,9843,1
3780,128,17117,9884,1
3781,223,17117,9884,1
3782,70,17117,9884,1
3783,70,17117,9884,1
3784,223,17141,9868,1
3785,128,17141,9868,1
3786,33,17141,9868,1
3787,186,17141,9868,1
3788,186,17142,9858,1
3789,33,17142,9858,1
3790,128,17142,9858,1
3791,223,17142,9858,1
3792,70,17128,9873,1
3793,70,17128,9873,1
3794,223,17128,9873,1
3795,128,17128,9873,1
3796,33,17162,9843,1
3797,186,17162,9843,1
3798,186,17162,9843,1
3799,33,17162,9843,1
3800,128,17117,9884,1
3801,223,17117,9884,1
3802,70,17117,9884,1
3803,70,17117,9884,1
3804,223,17141,9868,1
3805,128,17141,9868,1
3806,33,17141,9868,1
3807,186,17141,9868,1
3808,186,17142,9858,1
3809,33,17142,9858,1
3810,128,17142,9858,1
3811,223,17142,9858,1
3812,70,17128,9873,1
3813,70,17128,9873,1
3814,223,17128,9873,1
3815,128,17128,9873,1
3816,33,17162,9843,1
3817,186,17162,9843,1
3818,186,17162,9843,1
3819,33,17162,9843,1
3820,128,17117,9884,1
3821,223,17117,9884,1
3822,70,17117,9884,1
3823,70,17117,9884,1
3824,223,17141,9868,1
3825,128,17141,9868,1
3826,33,17141,9868,1
3827,186,17141,9868,1
3828,186,17142,9858,1
3829,33,17142,9858,1
3830,128,17142,9858,1
3831,223,17142,9858,1
3832,70,17128,9873,1
3833,70,17128,9873,1
3834,223,17128,9873,1
3835,128,17128,9873,1
3836,33,17162,9843,1
3837,186,17162,9843,1
3838,186,17162,9843,1
3839,33,17162,9843,1
3840,128,17117,9884,1
3841,223,17117,9884,1
3842,70,17117,9884,1
3843,70,17117,9884,1
3844,223,17141,9868,1
3845,128,17141,9868,1
3846,33,17141,9868,1
3847,186,17141,9868,1
3848,186,17142,9858,1
3849,33,17142,9858,1
3850,128,17142,9858,1
3851,223,17142,9858,1
3852,70,17128,9873,1
3853,70,17128,9873,1
3854,223,17128,9873,1
3855,128,17128,9873,1
3856,33,17162,9843,1
3857,186,17162,9843,1
3858,186,17162,9843,1
3859,33,17162,9843,1
3860,128,17117,9884,1
3861,223,17117,9884,1
3862,70,17117,9884,1
3863,70,17117,9884,1
3864,223,17141,9868,1
3865,128,17141,9868,1
3866,33,17141,9868,1
3867,186,17141,9868,1
3868,186,17142,9858,1
3869,33,17142,9858,1
3870,128,17142,9858,1
3871,223,17142,9858,1
3872,70,17128,9873,1
3873,70,17128,9873,1
3874,223,17128,9873,1
3875,128,17128,9873,1
3876,33,17162,9843,1
3877,186,17162,9843,1
3878,186,17162,9843,1
3879,33,17162,9843,1
3880,128,17117,9884,1
3881,223,17117,9884,1
3882,70,17117,9884,1
3883,70,17117,9884,1
3884,223,17141,9868,1
3885,128,17141,9868,1
3886,33,17141,9868,1
3887,186,17141,9868,1
3888,186,17142,9858,1
3889,33,17142,9858,1
3890,128,17142,9858,1
3891,223,17142,9858,1
3892,70,17128,9873,1
3893,70,17128,9873,1
3894,223,17128,9873,1
3895,128,17128,9873,1
3896,33,17162,9843,1
3897,186,17162,9843,1
3898,186,17162,9843,1
3899,33,17162,9843,1
3900,128,17117,9884,1
3901,223,17117,9884,1
3902,70,17117,9884,1
3903,70,17117,9884,1
3904,223,17141,9868,1
3905,128,17141,9868,1
3906,33,17141,9868,1
3907,186,17141,9868,1
3908,186,17142,9858,1
3909,33,17142,9858,1
3910,128,17142,9858,1
3911,223,17142,9858,1
3912,70,17128,9873,1
3913,70,17128,9873,1
3914,223,17128,9873,1
3915,128,17128,9873,1
3916,33,17162,9843,1
3917,186,17162,9843,1
3918,186,17162,9843,1
3919,33,17162,9843,1
3920,128,17117,9884,1
3921,223,17117,9884,1
3922,70,17117,9884,1
3923,70,17117,9884,1
3924,223,17141,9868,1
3925,128,17141,9868,1
3926,33,17141,9868,1
3927,186,17141,9868,1
3928,186,17142,9858,1
3929,33,17142,9858,1
3930,128,17142,9858,1
3931,223,17142,9858,1
3932,70,17128,9873,1
3933,70,17128,9873,1
3934,223,17128,9873,1
3935,128,17128,9873,1
3936,33,17162,9843,1
3937,186,17162,9843,1
3938,186,17162,9843,1
3939,33,17162,9843,1
3940,128,17117,9884,1
3941,223,17117,9884,1
3942,70,17117,9884,1
3943,70,17117,9884,1
3944,223,17141,9868,1
3945,128,17141,9868,1
3946,33,17141,9868,1
3947,186,17141,9868,1
3948,186,17142,9858,1
3949,33,17142,9858,1
3950,128,17142,9858,1
3951,223,17142,9858,1
3952,70,17128,9873,1
3953,70,17128,9873,1
3954,223,17128,9873,1
3955,128,17128,9873,1
3956,33,17162,9843,1
3957,186,17162,9843,1
3958,186,17162,9843,1
3959,33,17162,9843,1
3960,128,17117,9884,1
3961,223,17117,9884,1
3962,70,17117,9884,1
3963,70,17117,9884,1
3964,223,17141,9868,1
3965,128,17141,9868,1
3966,33,17141,9868,1
3967,186,17141,9868,1
3968,186,17142,9858,1
3969,33,17142,9858,1
3970,128,17142,9858,1
3971,223,17142,9858,1
3972,70,17128,9873,1
3973,70,17128,9873,1
3974,223,17128,9873,1
3975,128,17128,9873,1
3976,33,17162,9843,1
3977,186,17162,9843,1
3978,186,17162,9843,1
3979,33,17162,9843,1
3980,128,17117,9884,1
3981,223,17117,9884,1
3982,70,17117,9884,1
3983,70,17117,9884,1
3984,223,17141,9868,1
3985,128,17141,9868,1
3986,33,17141,9868,1
3987,186,17141,9868,1
3988,186,17142,9858,1
3989,33,17142,9858,1
3990,128,17142,9858,1
3991,223,17142,9858,1
3992,70,17128,9873,1
3993,70,17128,9873,1
3994,223,17128,9873,1
3995,128,17128,9873,1
3996,33,17162,9843,1
3997,186,17162,9843,1
3998,186,17162,9843,1
3999,33,17162,9843,1
