range_bin,doppler_bin,out_i,out_q
0,0,-2,-2
0,1,-1,0
0,2,0,-1
0,3,-2,-1
0,4,-1,1
0,5,-1,-1
0,6,1,-1
0,7,-1,-1
0,8,0,0
0,9,1,0
0,10,0,1
0,11,2,-1
0,12,-1,1
0,13,1,1
0,14,3,1
0,15,1,3
0,16,-2,-2
0,17,0,1
0,18,0,-1
0,19,-1,0
0,20,0,0
0,21,-1,-1
0,22,0,-1
0,23,-2,-1
0,24,2,0
0,25,0,1
0,26,0,-1
0,27,1,2
0,28,0,-2
0,29,1,3
0,30,0,-1
0,31,2,3
1,0,-1,0
1,1,-1,-1
1,2,0,0
1,3,-2,0
1,4,0,-1
1,5,0,-1
1,6,0,0
1,7,-1,-2
1,8,1,0
1,9,1,1
1,10,0,0
1,11,2,0
1,12,0,1
1,13,0,1
1,14,0,0
1,15,1,2
1,16,-1,0
1,17,-2,-3
1,18,0,0
1,19,-1,-3
1,20,1,0
1,21,0,0
1,22,0,0
1,23,0,1
1,24,-1,0
1,25,2,-1
1,26,0,0
1,27,1,-1
1,28,1,0
1,29,0,4
1,30,0,0
1,31,0,3
2,0,-1,-2
2,1,0,0
2,2,-1,-1
2,3,-2,-1
2,4,1,-1
2,5,-1,0
2,6,0,-1
2,7,0,-2
2,8,1,2
2,9,0,0
2,10,1,1
2,11,2,1
2,12,-1,1
2,13,1,0
2,14,0,1
2,15,0,2
2,16,-1,-3
2,17,1,-1
2,18,-2,0
2,19,-1,-1
2,20,0,1
2,21,0,-1
2,22,0,0
2,23,1,0
2,24,-1,1
2,25,1,-1
2,26,-2,0
2,27,3,1
2,28,-2,1
2,29,2,-1
2,30,0,0
2,31,1,4
3,0,-2,0
3,1,0,0
3,2,0,-2
3,3,0,0
3,4,1,0
3,5,0,0
3,6,-1,0
3,7,0,0
3,8,0,0
3,9,0,0
3,10,0,0
3,11,0,0
3,12,1,0
3,13,0,0
3,14,1,2
3,15,0,0
3,16,-2,-1
3,17,0,0
3,18,-2,-1
3,19,-1,0
3,20,-1,-1
3,21,0,-1
3,22,-1,-1
3,23,0,-2
3,24,0,1
3,25,2,0
3,26,0,1
3,27,3,0
3,28,-1,1
3,29,2,1
3,30,-1,1
3,31,2,2
4,0,0,-1
4,1,-2,-1
4,2,0,1
4,3,1,0
4,4,0,-1
4,5,-2,0
4,6,0,1
4,7,1,-1
4,8,0,-1
4,9,0,1
4,10,0,1
4,11,1,0
4,12,0,-1
4,13,0,0
4,14,0,1
4,15,1,1
4,16,0,-2
4,17,-2,0
4,18,0,0
4,19,-1,-2
4,20,-1,1
4,21,1,0
4,22,0,-1
4,23,0,0
4,24,0,0
4,25,0,0
4,26,0,0
4,27,-1,0
4,28,1,1
4,29,1,0
4,30,0,1
4,31,2,2
5,0,-1,0
5,1,-3,-3
5,2,0,-1
5,3,-1,-1
5,4,0,0
5,5,1,-2
5,6,-1,-1
5,7,0,1
5,8,1,0
5,9,1,-1
5,10,0,1
5,11,1,1
5,12,0,0
5,13,1,2
5,14,1,1
5,15,0,3
5,16,-1,-2
5,17,0,-1
5,18,-2,0
5,19,-2,-2
5,20,0,0
5,21,0,0
5,22,0,-1
5,23,0,-1
5,24,1,0
5,25,0,1
5,26,0,0
5,27,2,0
5,28,0,2
5,29,0,0
5,30,2,1
5,31,0,3
6,0,-1,-1
6,1,1,0
6,2,-2,-1
6,3,1,0
6,4,-2,0
6,5,1,-1
6,6,-2,0
6,7,1,-1
6,8,-1,1
6,9,1,0
6,10,0,1
6,11,1,0
6,12,0,0
6,13,1,1
6,14,0,0
6,15,1,1
6,16,0,-3
6,17,-2,-1
6,18,-1,-2
6,19,-2,2
6,20,1,-1
6,21,-3,0
6,22,1,-3
6,23,-1,2
6,24,0,-3
6,25,2,3
6,26,-1,-2
6,27,2,2
6,28,-1,-1
6,29,3,2
6,30,1,-1
6,31,1,6
7,0,0,-1
7,1,0,1
7,2,0,-1
7,3,0,1
7,4,0,-1
7,5,0,1
7,6,0,-1
7,7,0,1
7,8,0,-1
7,9,0,1
7,10,0,-1
7,11,0,1
7,12,0,-1
7,13,0,1
7,14,0,-1
7,15,0,1
7,16,-2,-2
7,17,-1,0
7,18,0,-1
7,19,0,0
7,20,-2,0
7,21,1,1
7,22,0,-1
7,23,2,1
7,24,-2,-2
7,25,1,2
7,26,0,-1
7,27,0,0
7,28,-2,0
7,29,3,1
7,30,0,-1
7,31,2,3
8,0,0,0
8,1,0,-2
8,2,-2,0
8,3,-2,1
8,4,1,0
8,5,-1,-2
8,6,-2,0
8,7,1,0
8,8,0,0
8,9,0,0
8,10,2,0
8,11,2,1
8,12,-1,0
8,13,1,0
8,14,2,0
8,15,-1,2
8,16,-3,0
8,17,0,-2
8,18,0,-1
8,19,-1,0
8,20,2,0
8,21,0,0
8,22,-1,-1
8,23,1,2
8,24,-1,0
8,25,0,-2
8,26,0,1
8,27,-1,0
8,28,2,0
8,29,0,0
8,30,1,1
8,31,1,2
9,0,0,-5
9,1,-1,3
9,2,0,-1
9,3,-1,-1
9,4,0,-1
9,5,0,1
9,6,0,-1
9,7,0,-3
9,8,0,3
9,9,1,-1
9,10,0,-1
9,11,1,3
9,12,0,-1
9,13,0,1
9,14,0,-1
9,15,0,5
9,16,-1,-2
9,17,0,1
9,18,-1,-1
9,19,0,0
9,20,-1,0
9,21,2,1
9,22,-1,-1
9,23,2,2
9,24,-1,-2
9,25,0,1
9,26,-1,-1
9,27,0,0
9,28,-1,0
9,29,2,1
9,30,-1,-1
9,31,2,2
10,0,-3,-3
10,1,-6,1
10,2,5,-5
10,3,-6,3
10,4,0,0
10,5,1,-3
10,6,-1,0
10,7,0,0
10,8,-1,-1
10,9,0,-1
10,10,1,1
10,11,0,-1
10,12,0,0
10,13,5,3
10,14,-1,0
10,15,6,6
10,16,-3,-3
10,17,-2,6
10,18,3,-8
10,19,-5,1
10,20,0,-1
10,21,1,0
10,22,-1,-1
10,23,2,1
10,24,-1,-3
10,25,0,2
10,26,-1,-2
10,27,3,3
10,28,0,-1
10,29,1,0
10,30,3,3
10,31,0,3
11,0,-2,-6
11,1,-16,8
11,2,20,-9
11,3,-10,-1
11,4,0,0
11,5,-1,-2
11,6,1,-1
11,7,-1,-1
11,8,2,2
11,9,0,-2
11,10,4,3
11,11,-2,-1
11,12,0,0
11,13,5,0
11,14,-1,3
11,15,1,7
11,16,-2,-7
11,17,-7,11
11,18,12,-19
11,19,-10,6
11,20,0,2
11,21,-1,0
11,22,-1,0
11,23,4,0
11,24,-2,-1
11,25,3,1
11,26,-2,-1
11,27,0,-2
11,28,0,2
11,29,1,0
11,30,3,0
11,31,2,8
12,0,-1,-6
12,1,-70,46
12,2,127,-52
12,3,-56,5
12,4,1,1
12,5,3,-2
12,6,1,0
12,7,0,1
12,8,1,-4
12,9,2,2
12,10,3,6
12,11,-2,-3
12,12,3,1
12,13,1,-2
12,14,1,6
12,15,2,1
12,16,-1,-10
12,17,-30,62
12,18,83,-111
12,19,-47,40
12,20,2,-4
12,21,2,-1
12,22,0,2
12,23,1,-5
12,24,1,2
12,25,-2,2
12,26,1,-3
12,27,1,0
12,28,2,-4
12,29,2,5
12,30,0,0
12,31,1,9
13,0,-3,-3
13,1,-13,5
13,2,18,-7
13,3,-9,-2
13,4,-2,0
13,5,3,-1
13,6,-4,0
13,7,3,0
13,8,1,-1
13,9,-1,1
13,10,4,1
13,11,-1,0
13,12,0,0
13,13,3,-1
13,14,2,2
13,15,-1,6
13,16,-1,-3
13,17,-8,9
13,18,14,-18
13,19,-10,7
13,20,0,-2
13,21,-2,2
13,22,-2,-3
13,23,4,1
13,24,-1,1
13,25,4,1
13,26,-2,0
13,27,2,-3
13,28,-2,0
13,29,2,0
13,30,2,1
13,31,0,7
14,0,-1,-5
14,1,-9,5
14,2,8,-7
14,3,-7,3
14,4,2,1
14,5,0,-3
14,6,2,0
14,7,-3,-1
14,8,1,-1
14,9,1,1
14,10,0,-1
14,11,-1,-1
14,12,2,1
14,13,0,1
14,14,2,4
14,15,3,3
14,16,-3,-2
14,17,-4,3
14,18,5,-5
14,19,-6,-1
14,20,-1,1
14,21,3,-2
14,22,-2,-1
14,23,2,-1
14,24,1,-2
14,25,-2,1
14,26,1,1
14,27,2,3
14,28,-1,-1
14,29,3,2
14,30,0,1
14,31,2,3
15,0,-1,-1
15,1,-1,-1
15,2,-1,0
15,3,1,-2
15,4,-2,0
15,5,2,1
15,6,-1,-1
15,7,0,0
15,8,-1,1
15,9,1,-1
15,10,-1,0
15,11,1,0
15,12,0,0
15,13,2,1
15,14,-1,1
15,15,2,2
15,16,-1,-1
15,17,-1,-1
15,18,-1,0
15,19,-1,-2
15,20,0,1
15,21,0,-1
15,22,0,0
15,23,0,0
15,24,1,-1
15,25,-1,1
15,26,1,0
15,27,-1,0
15,28,0,1
15,29,2,1
15,30,0,0
15,31,2,2
16,0,-1,-1
16,1,-1,-2
16,2,0,0
16,3,-2,-2
16,4,0,0
16,5,1,0
16,6,-2,-2
16,7,1,0
16,8,1,1
16,9,-1,-2
16,10,0,0
16,11,2,2
16,12,0,0
16,13,1,0
16,14,2,2
16,15,-1,4
16,16,-1,-2
16,17,-1,0
16,18,-1,0
16,19,2,0
16,20,-1,-2
16,21,1,2
16,22,-1,0
16,23,2,2
16,24,-1,-2
16,25,-1,0
16,26,-1,0
16,27,2,0
16,28,-1,-2
16,29,1,2
16,30,-1,0
16,31,2,2
17,0,-1,-4
17,1,-2,1
17,2,0,0
17,3,0,-1
17,4,0,-2
17,5,-1,1
17,6,-1,-3
17,7,0,-1
17,8,1,0
17,9,0,1
17,10,0,0
17,11,2,3
17,12,0,-2
17,13,-1,1
17,14,1,3
17,15,2,3
17,16,-1,-2
17,17,-2,0
17,18,0,-1
17,19,-3,-1
17,20,0,1
17,21,0,-1
17,22,-1,-1
17,23,0,-1
17,24,1,0
17,25,0,0
17,26,0,1
17,27,1,-1
17,28,0,1
17,29,2,1
17,30,1,1
17,31,2,3
18,0,0,-1
18,1,-1,0
18,2,0,1
18,3,1,0
18,4,0,-1
18,5,-1,0
18,6,0,1
18,7,1,0
18,8,0,-1
18,9,-1,0
18,10,0,1
18,11,1,0
18,12,0,-1
18,13,-1,0
18,14,0,1
18,15,1,0
18,16,-2,0
18,17,0,-2
18,18,-1,0
18,19,-1,-1
18,20,0,0
18,21,0,-2
18,22,0,0
18,23,-2,-2
18,24,2,0
18,25,0,2
18,26,1,0
18,27,1,1
18,28,0,0
18,29,0,2
18,30,0,0
18,31,2,2
19,0,-1,-2
19,1,-1,0
19,2,-1,-1
19,3,0,-2
19,4,0,1
19,5,0,0
19,6,1,0
19,7,-1,0
19,8,-1,0
19,9,1,0
19,10,-1,-1
19,11,0,0
19,12,2,1
19,13,0,0
19,14,1,2
19,15,1,2
19,16,0,0
19,17,0,0
19,18,0,0
19,19,0,0
19,20,0,0
19,21,0,0
19,22,0,0
19,23,0,0
19,24,0,0
19,25,0,0
19,26,0,0
19,27,0,0
19,28,0,0
19,29,0,0
19,30,0,0
19,31,0,0
20,0,-3,-1
20,1,1,-1
20,2,-1,0
20,3,-1,-1
20,4,-1,0
20,5,1,0
20,6,-3,-2
20,7,1,-2
20,8,1,1
20,9,1,1
20,10,-1,0
20,11,3,1
20,12,-1,0
20,13,1,0
20,14,1,2
20,15,1,2
20,16,0,-1
20,17,-2,-1
20,18,0,1
20,19,1,-1
20,20,0,-1
20,21,0,1
20,22,0,1
20,23,1,1
20,24,0,-1
20,25,-2,-1
20,26,0,1
20,27,1,-1
20,28,0,-1
20,29,0,1
20,30,0,1
20,31,1,1
21,0,0,-1
21,1,-1,-1
21,2,-1,-1
21,3,0,-1
21,4,-1,0
21,5,1,0
21,6,-1,0
21,7,0,0
21,8,0,1
21,9,-1,-1
21,10,1,1
21,11,0,-1
21,12,1,0
21,13,1,2
21,14,1,0
21,15,0,2
21,16,-1,-3
21,17,-2,-1
21,18,-2,0
21,19,1,0
21,20,-1,-1
21,21,1,-2
21,22,-2,1
21,23,1,-1
21,24,-1,1
21,25,0,-3
21,26,0,2
21,27,3,0
21,28,-1,-1
21,29,1,2
21,30,0,1
21,31,3,5
22,0,-1,-1
22,1,-1,0
22,2,1,0
22,3,-2,0
22,4,-1,0
22,5,-1,-1
22,6,1,0
22,7,-1,-2
22,8,-1,1
22,9,1,0
22,10,1,0
22,11,2,0
22,12,-1,0
22,13,1,1
22,14,1,0
22,15,1,2
22,16,0,-1
22,17,-1,0
22,18,0,0
22,19,-1,-1
22,20,0,1
22,21,1,0
22,22,0,0
22,23,1,1
22,24,0,-1
22,25,-1,0
22,26,0,0
22,27,-1,-1
22,28,0,1
22,29,1,0
22,30,0,0
22,31,1,1
23,0,-1,0
23,1,0,0
23,2,0,-1
23,3,0,0
23,4,0,0
23,5,0,0
23,6,-1,-1
23,7,0,0
23,8,1,0
23,9,0,0
23,10,0,1
23,11,0,0
23,12,0,0
23,13,0,0
23,14,1,1
23,15,0,0
23,16,0,0
23,17,-1,-1
23,18,0,0
23,19,0,0
23,20,0,0
23,21,-1,0
23,22,0,0
23,23,0,-1
23,24,0,0
23,25,1,1
23,26,0,0
23,27,0,0
23,28,0,0
23,29,1,0
23,30,0,0
23,31,0,1
24,0,-1,-2
24,1,-1,0
24,2,0,0
24,3,1,0
24,4,-2,-1
24,5,-1,-1
24,6,0,1
24,7,1,-1
24,8,-1,0
24,9,-1,0
24,10,2,2
24,11,1,0
24,12,0,-1
24,13,-1,1
24,14,2,1
24,15,1,1
24,16,-1,-2
24,17,0,-1
24,18,-1,-2
24,19,0,1
24,20,0,-1
24,21,0,1
24,22,-1,-1
24,23,1,1
24,24,-1,0
24,25,0,-1
24,26,1,0
24,27,-2,1
24,28,2,-1
24,29,0,1
24,30,1,-1
24,31,1,5
25,0,0,-2
25,1,-1,0
25,2,-1,0
25,3,1,0
25,4,-1,-1
25,5,-1,-1
25,6,-1,1
25,7,1,-1
25,8,0,0
25,9,-1,0
25,10,1,2
25,11,1,0
25,12,1,-1
25,13,-1,1
25,14,1,1
25,15,1,1
25,16,-1,-3
25,17,-1,1
25,18,0,0
25,19,1,-2
25,20,-3,1
25,21,1,0
25,22,2,0
25,23,-1,-1
25,24,-1,1
25,25,1,-1
25,26,0,0
25,27,-1,0
25,28,1,1
25,29,-1,0
25,30,2,0
25,31,1,3
26,0,-1,-2
26,1,-1,1
26,2,0,-2
26,3,-2,1
26,4,0,-1
26,5,-1,0
26,6,-1,-2
26,7,-1,-1
26,8,1,0
26,9,1,1
26,10,0,0
26,11,2,1
26,12,0,-1
26,13,1,2
26,14,1,0
26,15,1,3
26,16,-2,-2
26,17,0,-1
26,18,-1,0
26,19,-3,-2
26,20,1,0
26,21,-1,-1
26,22,0,0
26,23,-1,-4
26,24,2,2
26,25,0,1
26,26,1,0
26,27,3,2
26,28,-1,0
26,29,1,1
26,30,0,0
26,31,1,4
27,0,0,-1
27,1,0,0
27,2,-1,-1
27,3,0,0
27,4,-1,0
27,5,0,-1
27,6,-1,0
27,7,0,-1
27,8,0,1
27,9,0,0
27,10,1,1
27,11,0,0
27,12,1,0
27,13,0,1
27,14,1,0
27,15,0,1
27,16,-3,-2
27,17,-1,-3
27,18,-2,1
27,19,1,-3
27,20,0,-1
27,21,0,1
27,22,0,1
27,23,1,0
27,24,-1,-2
27,25,1,1
27,26,-2,1
27,27,3,-3
27,28,0,1
27,29,0,1
27,30,0,1
27,31,3,6
28,0,-2,0
28,1,0,-1
28,2,-2,0
28,3,0,-1
28,4,0,0
28,5,-1,-1
28,6,1,0
28,7,-1,-1
28,8,2,0
28,9,0,1
28,10,2,0
28,11,0,1
28,12,0,0
28,13,1,1
28,14,-1,0
28,15,1,1
28,16,-1,-1
28,17,0,0
28,18,0,0
28,19,-1,-1
28,20,-1,0
28,21,0,0
28,22,0,-1
28,23,0,-1
28,24,-1,1
28,25,0,0
28,26,2,0
28,27,1,1
28,28,-1,0
28,29,0,0
28,30,2,1
28,31,0,1
29,0,-1,-2
29,1,-1,0
29,2,-1,-1
29,3,-2,-1
29,4,1,1
29,5,-1,-1
29,6,1,1
29,7,-1,-1
29,8,-1,0
29,9,1,0
29,10,-1,-1
29,11,2,-1
29,12,1,1
29,13,1,1
29,14,1,1
29,15,1,3
29,16,-1,0
29,17,0,0
29,18,0,-1
29,19,0,0
29,20,1,0
29,21,0,0
29,22,0,1
29,23,0,0
29,24,-1,0
29,25,0,0
29,26,0,-1
29,27,0,0
29,28,1,0
29,29,0,0
29,30,0,1
29,31,0,0
30,0,0,-1
30,1,-2,-1
30,2,0,0
30,3,1,-1
30,4,-1,0
30,5,-1,1
30,6,0,-1
30,7,-1,-2
30,8,0,1
30,9,2,1
30,10,0,0
30,11,-1,1
30,12,1,0
30,13,1,-1
30,14,0,1
30,15,1,2
30,16,-1,-2
30,17,-1,0
30,18,0,-1
30,19,-1,-1
30,20,0,-1
30,21,1,2
30,22,-2,-3
30,23,0,1
30,24,1,0
30,25,-1,0
30,26,0,-1
30,27,1,1
30,28,0,-1
30,29,1,2
30,30,2,1
30,31,0,3
31,0,-2,-2
31,1,-1,1
31,2,1,-1
31,3,1,-1
31,4,-2,0
31,5,1,0
31,6,1,1
31,7,-1,-2
31,8,-2,2
31,9,1,-1
31,10,1,-1
31,11,-1,1
31,12,2,0
31,13,-1,0
31,14,1,1
31,15,1,2
31,16,-2,-1
31,17,1,-1
31,18,-1,0
31,19,-1,-1
31,20,0,1
31,21,1,-1
31,22,-1,0
31,23,3,3
31,24,-2,-1
31,25,1,-1
31,26,-1,0
31,27,-1,-1
31,28,0,1
31,29,1,-1
31,30,-1,0
31,31,3,3
32,0,-3,0
32,1,0,-3
32,2,-2,-1
32,3,1,0
32,4,1,0
32,5,-2,-2
32,6,1,1
32,7,-1,-1
32,8,1,0
32,9,0,1
32,10,2,-1
32,11,-1,2
32,12,1,0
32,13,2,0
32,14,-1,1
32,15,1,3
32,16,-1,-2
32,17,-2,0
32,18,1,-1
32,19,-1,0
32,20,-1,0
32,21,0,1
32,22,1,-1
32,23,1,1
32,24,-1,-2
32,25,0,2
32,26,1,-1
32,27,-1,0
32,28,-1,0
32,29,2,1
32,30,1,-1
32,31,1,3
33,0,-4,-5
33,1,0,0
33,2,-1,0
33,3,0,-2
33,4,0,1
33,5,1,-2
33,6,1,0
33,7,-2,1
33,8,0,-1
33,9,2,0
33,10,-1,0
33,11,0,-2
33,12,4,5
33,13,-3,-2
33,14,1,0
33,15,2,7
33,16,-1,-1
33,17,-2,-3
33,18,-1,1
33,19,1,-1
33,20,-1,-1
33,21,0,-1
33,22,-1,1
33,23,2,-2
33,24,-1,-1
33,25,4,3
33,26,-1,1
33,27,1,-5
33,28,-1,7
33,29,2,-3
33,30,-1,1
33,31,0,4
34,0,0,-2
34,1,-4,-1
34,2,0,0
34,3,-2,-3
34,4,-1,1
34,5,1,-1
34,6,0,-1
34,7,0,-1
34,8,0,0
34,9,2,1
34,10,0,0
34,11,0,1
34,12,1,1
34,13,1,1
34,14,0,1
34,15,2,3
34,16,-2,-3
34,17,0,-1
34,18,0,-1
34,19,-4,-1
34,20,2,-2
34,21,0,1
34,22,0,-1
34,23,2,0
34,24,0,1
34,25,0,-1
34,26,0,-1
34,27,2,3
34,28,0,0
34,29,0,1
34,30,0,-1
34,31,0,6
35,0,-1,-3
35,1,-2,0
35,2,-2,0
35,3,-1,-1
35,4,0,-1
35,5,-2,-1
35,6,1,0
35,7,0,-1
35,8,1,-1
35,9,0,0
35,10,0,2
35,11,3,-1
35,12,0,1
35,13,0,1
35,14,1,2
35,15,2,3
35,16,0,-2
35,17,-2,-1
35,18,-1,1
35,19,1,-1
35,20,0,0
35,21,-2,0
35,22,1,1
35,23,1,0
35,24,0,-2
35,25,0,1
35,26,-1,1
35,27,1,-1
35,28,0,0
35,29,0,0
35,30,1,1
35,31,1,2
36,0,0,0
36,1,-1,-1
36,2,0,0
36,3,0,0
36,4,0,0
36,5,-1,0
36,6,0,0
36,7,0,-1
36,8,0,0
36,9,1,1
36,10,0,0
36,11,0,0
36,12,0,0
36,13,1,0
36,14,0,0
36,15,0,1
36,16,0,0
36,17,-1,-2
36,18,0,0
36,19,0,0
36,20,0,0
36,21,1,0
36,22,0,0
36,23,0,2
36,24,0,0
36,25,-1,-2
36,26,0,0
36,27,0,0
36,28,0,0
36,29,1,0
36,30,0,0
36,31,0,2
37,0,-1,-1
37,1,0,1
37,2,0,-2
37,3,0,1
37,4,0,-1
37,5,0,1
37,6,-1,-2
37,7,0,1
37,8,1,-1
37,9,0,1
37,10,0,0
37,11,0,1
37,12,0,-1
37,13,0,1
37,14,1,0
37,15,0,1
37,16,-2,-3
37,17,-1,0
37,18,-2,-2
37,19,0,0
37,20,-1,-2
37,21,1,2
37,22,0,-2
37,23,1,-1
37,24,0,1
37,25,-1,0
37,26,4,0
37,27,0,0
37,28,-1,0
37,29,1,2
37,30,2,0
37,31,-1,5
38,0,-2,-1
38,1,-1,0
38,2,0,-2
38,3,-3,0
38,4,2,0
38,5,-1,-1
38,6,0,2
38,7,0,-2
38,8,-2,1
38,9,1,0
38,10,0,-2
38,11,1,0
38,12,2,0
38,13,1,1
38,14,0,2
38,15,2,2
38,16,-1,-1
38,17,0,0
38,18,0,0
38,19,-1,-1
38,20,0,0
38,21,0,0
38,22,-2,-2
38,23,0,-1
38,24,1,1
38,25,0,0
38,26,0,0
38,27,1,1
38,28,0,0
38,29,0,0
38,30,2,2
38,31,0,1
39,0,-1,-1
39,1,-1,-1
39,2,-1,0
39,3,-1,-1
39,4,-1,0
39,5,1,0
39,6,-1,0
39,7,0,-1
39,8,-1,1
39,9,1,-1
39,10,-1,0
39,11,3,-1
39,12,-1,0
39,13,3,2
39,14,-1,0
39,15,2,3
39,16,-2,-2
39,17,-3,-1
39,18,1,-1
39,19,-1,-1
39,20,-2,-2
39,21,2,2
39,22,1,-2
39,23,-2,0
39,24,0,0
39,25,1,1
39,26,1,-1
39,27,1,1
39,28,0,0
39,29,0,2
39,30,1,0
39,31,2,4
40,0,-3,-2
40,1,-2,-1
40,2,-2,0
40,3,-1,-4
40,4,0,1
40,5,1,-1
40,6,0,-2
40,7,-1,0
40,8,3,0
40,9,-2,1
40,10,2,0
40,11,1,0
40,12,0,1
40,13,3,1
40,14,0,2
40,15,1,4
40,16,0,-1
40,17,-1,0
40,18,0,0
40,19,-2,0
40,20,0,0
40,21,-1,-1
40,22,0,0
40,23,-1,-2
40,24,0,1
40,25,1,0
40,26,0,0
40,27,2,0
40,28,0,0
40,29,1,1
40,30,0,0
40,31,1,2
41,0,0,-1
41,1,-4,-2
41,2,0,0
41,3,0,-2
41,4,0,1
41,5,1,-1
41,6,0,0
41,7,0,0
41,8,0,-1
41,9,0,2
41,10,0,0
41,11,0,-2
41,12,0,1
41,13,3,1
41,14,0,0
41,15,0,4
41,16,0,0
41,17,0,0
41,18,0,0
41,19,0,0
41,20,0,0
41,21,0,0
41,22,0,0
41,23,0,0
41,24,0,0
41,25,0,0
41,26,0,0
41,27,0,0
41,28,0,0
41,29,0,0
41,30,0,0
41,31,0,0
42,0,-2,-1
42,1,-2,-2
42,2,1,0
42,3,0,-2
42,4,-1,0
42,5,-1,2
42,6,1,-1
42,7,0,-1
42,8,-2,1
42,9,2,0
42,10,1,0
42,11,-2,0
42,12,1,0
42,13,1,0
42,14,1,1
42,15,2,3
42,16,-1,-2
42,17,-1,0
42,18,0,0
42,19,0,-2
42,20,-2,1
42,21,0,0
42,22,2,-1
42,23,-1,0
42,24,-1,0
42,25,1,0
42,26,0,0
42,27,0,0
42,28,0,1
42,29,0,0
42,30,2,1
42,31,1,2
43,0,-2,-3
43,1,0,-1
43,2,-2,-1
43,3,-3,-1
43,4,1,0
43,5,0,-3
43,6,0,0
43,7,0,-2
43,8,0,1
43,9,2,-1
43,10,0,1
43,11,3,-1
43,12,1,2
43,13,-2,1
43,14,2,0
43,15,0,8
43,16,0,0
43,17,0,0
43,18,0,0
43,19,0,0
43,20,0,0
43,21,0,0
43,22,0,0
43,23,0,0
43,24,0,0
43,25,0,0
43,26,0,0
43,27,0,0
43,28,0,0
43,29,0,0
43,30,0,0
43,31,0,0
44,0,-1,0
44,1,-1,-1
44,2,0,0
44,3,-2,0
44,4,0,-1
44,5,0,-1
44,6,0,0
44,7,-1,-2
44,8,1,0
44,9,1,1
44,10,0,0
44,11,2,0
44,12,0,1
44,13,0,1
44,14,0,0
44,15,1,2
44,16,-1,0
44,17,0,-1
44,18,-1,-1
44,19,0,1
44,20,0,-1
44,21,0,-1
44,22,0,-1
44,23,0,1
44,24,1,0
44,25,0,-1
44,26,1,1
44,27,0,1
44,28,0,1
44,29,0,-1
44,30,0,1
44,31,0,1
45,0,-1,-1
45,1,-1,-1
45,2,0,0
45,3,0,0
45,4,-1,0
45,5,-1,0
45,6,0,-1
45,7,0,-2
45,8,-1,1
45,9,1,1
45,10,2,0
45,11,0,0
45,12,-1,0
45,13,1,0
45,14,2,1
45,15,0,2
45,16,-1,-1
45,17,-1,-1
45,18,0,-1
45,19,-1,1
45,20,0,-2
45,21,0,1
45,22,0,-1
45,23,-1,-2
45,24,1,-1
45,25,1,3
45,26,0,-1
45,27,1,1
45,28,0,0
45,29,0,1
45,30,0,-1
45,31,1,4
46,0,-3,0
46,1,0,-1
46,2,-1,0
46,3,-1,0
46,4,-1,-2
46,5,1,-1
46,6,-1,0
46,7,0,-2
46,8,1,0
46,9,2,1
46,10,-1,0
46,11,3,0
46,12,-1,2
46,13,1,1
46,14,-1,0
46,15,2,2
46,16,0,0
46,17,0,-1
46,18,0,0
46,19,0,1
46,20,0,0
46,21,0,-1
46,22,0,0
46,23,0,1
46,24,0,0
46,25,0,-1
46,26,0,0
46,27,0,1
46,28,0,0
46,29,0,-1
46,30,0,0
46,31,0,1
47,0,0,0
47,1,-1,-1
47,2,0,0
47,3,0,0
47,4,0,0
47,5,-1,0
47,6,0,0
47,7,0,-1
47,8,0,0
47,9,1,1
47,10,0,0
47,11,0,0
47,12,0,0
47,13,1,0
47,14,0,0
47,15,0,1
47,16,-2,-1
47,17,0,0
47,18,0,0
47,19,-2,-2
47,20,2,1
47,21,0,0
47,22,0,0
47,23,2,2
47,24,-2,-1
47,25,0,0
47,26,0,0
47,27,-2,-2
47,28,2,1
47,29,0,0
47,30,0,0
47,31,2,2
48,0,-1,-2
48,1,0,0
48,2,-2,0
48,3,0,0
48,4,0,0
48,5,0,-3
48,6,0,1
48,7,-2,-3
48,8,1,2
48,9,0,0
48,10,2,0
48,11,0,0
48,12,0,0
48,13,0,3
48,14,0,-1
48,15,2,3
48,16,-2,-2
48,17,-1,-1
48,18,0,-1
48,19,-2,-1
48,20,1,1
48,21,1,-1
48,22,-2,-1
48,23,1,1
48,24,0,0
48,25,-1,-1
48,26,0,-1
48,27,0,1
48,28,1,1
48,29,1,-1
48,30,2,3
48,31,1,3
49,0,-2,-1
49,1,0,-2
49,2,-2,-1
49,3,2,0
49,4,0,0
49,5,-1,-2
49,6,0,2
49,7,-1,-2
49,8,0,1
49,9,0,0
49,10,2,-1
49,11,-2,2
49,12,2,0
49,13,1,0
49,14,0,0
49,15,1,4
49,16,-3,-1
49,17,0,0
49,18,-1,-1
49,19,1,-1
49,20,-1,-1
49,21,1,0
49,22,0,-1
49,23,0,-1
49,24,-1,1
49,25,2,0
49,26,-1,-1
49,27,1,1
49,28,1,1
49,29,1,0
49,30,-2,3
49,31,2,1
50,0,-1,-2
50,1,0,0
50,2,0,-1
50,3,-2,-1
50,4,1,0
50,5,-1,0
50,6,-1,-1
50,7,0,-2
50,8,1,2
50,9,0,0
50,10,0,1
50,11,2,1
50,12,-1,0
50,13,1,0
50,14,1,1
50,15,0,2
50,16,0,-1
50,17,-2,-1
50,18,0,0
50,19,1,-1
50,20,-1,0
50,21,-1,1
50,22,0,-1
50,23,-1,-2
50,24,0,1
50,25,2,1
50,26,0,0
50,27,-1,1
50,28,1,0
50,29,1,-1
50,30,0,1
50,31,1,2
51,0,-3,-2
51,1,1,-2
51,2,-4,0
51,3,-1,-3
51,4,1,1
51,5,-2,-2
51,6,1,-1
51,7,-1,1
51,8,1,0
51,9,1,0
51,10,2,0
51,11,1,1
51,12,1,1
51,13,0,0
51,14,1,1
51,15,1,5
51,16,-1,-1
51,17,0,0
51,18,-1,0
51,19,-1,-1
51,20,0,0
51,21,-1,-2
51,22,0,0
51,23,-2,-2
51,24,1,1
51,25,0,0
51,26,1,0
51,27,1,1
51,28,0,0
51,29,1,2
51,30,0,0
51,31,2,2
52,0,-1,-4
52,1,-1,1
52,2,0,0
52,3,0,-4
52,4,-1,2
52,5,1,0
52,6,0,0
52,7,0,1
52,8,-1,0
52,9,1,-1
52,10,0,0
52,11,-2,-2
52,12,3,2
52,13,-1,0
52,14,0,0
52,15,2,5
52,16,0,0
52,17,-1,-1
52,18,0,0
52,19,0,-1
52,20,0,0
52,21,1,1
52,22,0,0
52,23,0,1
52,24,0,0
52,25,-1,-1
52,26,0,0
52,27,0,-1
52,28,0,0
52,29,1,1
52,30,0,0
52,31,0,1
53,0,-1,-2
53,1,-1,0
53,2,0,-1
53,3,-1,-1
53,4,-2,1
53,5,1,-1
53,6,0,0
53,7,1,0
53,8,-1,0
53,9,-1,0
53,10,2,1
53,11,-1,-1
53,12,0,1
53,13,1,1
53,14,2,0
53,15,1,2
53,16,-3,-3
53,17,0,-1
53,18,-2,0
53,19,-1,-3
53,20,1,1
53,21,-2,-2
53,22,3,-1
53,23,-3,0
53,24,1,1
53,25,2,-1
53,26,0,0
53,27,1,1
53,28,1,1
53,29,0,0
53,30,-1,1
53,31,3,6
54,0,-1,-1
54,1,-2,-2
54,2,0,-1
54,3,-1,0
54,4,1,1
54,5,0,-1
54,6,0,1
54,7,1,1
54,8,-1,-1
54,9,0,0
54,10,0,-1
54,11,-1,0
54,12,1,1
54,13,2,-1
54,14,0,1
54,15,1,3
54,16,-2,-4
54,17,-2,-2
54,18,-1,2
54,19,-1,-4
54,20,1,-1
54,21,-2,0
54,22,1,-1
54,23,1,-3
54,24,0,0
54,25,2,2
54,26,-1,0
54,27,3,0
54,28,1,1
54,29,-2,0
54,30,1,3
54,31,1,7
55,0,-2,-1
55,1,-2,-2
55,2,0,-1
55,3,0,0
55,4,-2,-1
55,5,1,0
55,6,0,0
55,7,0,-3
55,8,0,1
55,9,0,0
55,10,2,1
55,11,0,-2
55,12,0,1
55,13,1,2
55,14,2,0
55,15,0,5
55,16,-2,-4
55,17,1,0
55,18,-2,-1
55,19,-2,-2
55,20,0,1
55,21,1,-1
55,22,-2,0
55,23,4,0
55,24,-2,2
55,25,1,-2
55,26,0,1
55,27,0,0
55,28,0,1
55,29,1,-1
55,30,0,0
55,31,2,6
56,0,0,0
56,1,-1,-1
56,2,0,0
56,3,0,-1
56,4,0,0
56,5,1,1
56,6,0,0
56,7,0,1
56,8,0,0
56,9,-1,-1
56,10,0,0
56,11,0,-1
56,12,0,0
56,13,1,1
56,14,0,0
56,15,0,1
56,16,-1,-2
56,17,-2,-2
56,18,0,1
56,19,0,-2
56,20,-1,1
56,21,0,-1
56,22,1,0
56,23,-1,0
56,24,1,0
56,25,0,0
56,26,0,-1
56,27,-2,2
56,28,1,1
56,29,2,-1
56,30,-1,0
56,31,3,4
57,0,-2,-2
57,1,-1,-2
57,2,0,2
57,3,1,-4
57,4,0,-1
57,5,-1,2
57,6,1,1
57,7,-1,1
57,8,0,0
57,9,-1,-2
57,10,0,0
57,11,1,0
57,12,2,-1
57,13,-1,2
57,14,-1,1
57,15,3,3
57,16,-2,-2
57,17,-1,-1
57,18,1,-1
57,19,0,-2
57,20,0,-1
57,21,0,3
57,22,0,-3
57,23,-1,2
57,24,0,0
57,25,1,-1
57,26,-1,-1
57,27,0,0
57,28,2,-1
57,29,0,3
57,30,0,1
57,31,1,4
58,0,-2,0
58,1,1,-2
58,2,-2,0
58,3,1,0
58,4,-1,0
58,5,0,-2
58,6,-1,0
58,7,0,0
58,8,0,0
58,9,1,0
58,10,0,0
58,11,1,2
58,12,-1,0
58,13,2,0
58,14,-1,0
58,15,2,2
58,16,0,-1
58,17,-1,0
58,18,0,0
58,19,0,-1
58,20,-1,0
58,21,0,0
58,22,0,-1
58,23,-1,-1
58,24,0,1
58,25,1,0
58,26,0,0
58,27,0,1
58,28,1,0
58,29,0,0
58,30,0,1
58,31,1,1
59,0,-2,-1
59,1,-2,-2
59,2,0,-1
59,3,-4,0
59,4,1,-1
59,5,0,-3
59,6,0,1
59,7,0,-3
59,8,0,1
59,9,2,0
59,10,0,-1
59,11,4,2
59,12,1,1
59,13,0,1
59,14,0,1
59,15,0,5
59,16,-2,-2
59,17,1,0
59,18,-1,0
59,19,-1,-1
59,20,-1,-1
59,21,1,0
59,22,-1,0
59,23,1,-3
59,24,0,2
59,25,-1,0
59,26,3,0
59,27,1,1
59,28,-1,1
59,29,-1,0
59,30,3,0
59,31,-1,3
60,0,-3,-1
60,1,-1,0
60,2,2,-1
60,3,0,-1
60,4,-1,0
60,5,0,0
60,6,1,-1
60,7,-1,-1
60,8,-1,1
60,9,1,0
60,10,0,-1
60,11,0,1
60,12,1,0
60,13,0,0
60,14,1,3
60,15,1,1
60,16,0,-1
60,17,-1,0
60,18,0,0
60,19,-1,-1
60,20,0,1
60,21,1,0
60,22,0,0
60,23,1,1
60,24,0,-1
60,25,-1,0
60,26,0,0
60,27,-1,-1
60,28,0,1
60,29,1,0
60,30,0,0
60,31,1,1
61,0,-2,-2
61,1,-2,0
61,2,-1,0
61,3,1,-3
61,4,-2,0
61,5,3,0
61,6,0,-2
61,7,0,1
61,8,0,0
61,9,0,0
61,10,-1,0
61,11,1,-1
61,12,0,2
61,13,3,0
61,14,-2,2
61,15,2,3
61,16,-2,0
61,17,0,-2
61,18,-1,0
61,19,-1,-2
61,20,1,0
61,21,-1,0
61,22,0,0
61,23,0,0
61,24,0,0
61,25,0,0
61,26,1,0
61,27,-1,0
61,28,1,0
61,29,1,2
61,30,0,0
61,31,2,2
62,0,0,0
62,1,0,0
62,2,0,0
62,3,0,0
62,4,0,0
62,5,0,0
62,6,0,0
62,7,0,0
62,8,0,0
62,9,0,0
62,10,0,0
62,11,0,0
62,12,0,0
62,13,0,0
62,14,0,0
62,15,0,0
62,16,0,-1
62,17,-3,-2
62,18,0,1
62,19,1,-1
62,20,0,-1
62,21,-1,1
62,22,0,1
62,23,1,0
62,24,0,-1
62,25,-1,0
62,26,0,1
62,27,1,-1
62,28,0,-1
62,29,1,1
62,30,0,1
62,31,1,2
63,0,-2,0
63,1,-1,-2
63,2,0,-1
63,3,-1,0
63,4,1,-1
63,5,0,0
63,6,0,1
63,7,-1,-3
63,8,0,0
63,9,1,2
63,10,0,-1
63,11,1,0
63,12,1,1
63,13,0,0
63,14,0,1
63,15,1,3
63,16,-1,-3
63,17,-2,1
63,18,-1,-1
63,19,0,-2
63,20,-2,0
63,21,2,0
63,22,0,-1
63,23,0,-1
63,24,1,1
63,25,0,-1
63,26,1,1
63,27,-2,0
63,28,2,2
63,29,0,0
63,30,0,1
63,31,2,3
