segment,bin,golden_i,golden_q
0,0,-31,-24
0,1,-29,-25
0,2,-28,-27
0,3,-26,-29
0,4,-24,-31
0,5,-22,-32
0,6,-21,-34
0,7,-19,-35
0,8,-17,-36
0,9,-14,-37
0,10,-12,-38
0,11,-10,-39
0,12,-8,-39
0,13,-5,-40
0,14,-3,-40
0,15,-1,-40
0,16,2,-40
0,17,4,-40
0,18,6,-40
0,19,9,-39
0,20,11,-39
0,21,13,-38
0,22,15,-37
0,23,17,-36
0,24,20,-35
0,25,21,-33
0,26,23,-32
0,27,25,-30
0,28,27,-29
0,29,29,-27
0,30,31,-25
0,31,32,-23
0,32,33,-21
0,33,35,-19
0,34,36,-17
0,35,37,-15
0,36,37,-12
0,37,38,-10
0,38,38,-8
0,39,39,-5
0,40,39,-3
0,41,39,0
0,42,39,2
0,43,38,5
0,44,38,7
0,45,37,9
0,46,37,12
0,47,36,14
0,48,35,16
0,49,33,18
0,50,32,20
0,51,31,22
0,52,29,24
0,53,28,26
0,54,26,28
0,55,24,30
0,56,22,31
0,57,20,33
0,58,18,34
0,59,16,35
0,60,14,36
0,61,12,37
0,62,9,38
0,63,7,39
0,64,5,39
0,65,2,39
0,66,0,39
0,67,-3,39
0,68,-5,39
0,69,-7,39
0,70,-10,38
0,71,-12,38
0,72,-14,37
0,73,-16,36
0,74,-19,35
0,75,-21,33
0,76,-23,32
0,77,-25,31
0,78,-27,29
0,79,-29,28
0,80,-30,26
0,81,-32,24
0,82,-34,22
0,83,-35,20
0,84,-36,18
0,85,-37,16
0,86,-38,13
0,87,-39,11
0,88,-40,9
0,89,-40,6
0,90,-41,4
0,91,-41,1
0,92,-41,-1
0,93,-41,-3
0,94,-41,-6
0,95,-40,-8
0,96,-40,-11
0,97,-39,-13
0,98,-38,-15
0,99,-37,-18
0,100,-36,-20
0,101,-34,-22
0,102,-33,-24
0,103,-32,-26
0,104,-30,-28
0,105,-28,-30
0,106,-26,-31
0,107,-25,-33
0,108,-23,-34
0,109,-21,-36
0,110,-18,-37
0,111,-16,-38
0,112,-14,-39
0,113,-12,-39
0,114,-9,-40
0,115,-7,-41
0,116,-4,-41
0,117,-2,-41
0,118,0,-41
0,119,3,-41
0,120,5,-41
0,121,8,-40
0,122,10,-39
0,123,12,-39
0,124,15,-38
0,125,17,-37
0,126,19,-35
0,127,21,-34
0,128,23,-33
0,129,25,-31
0,130,27,-30
0,131,29,-28
0,132,30,-26
0,133,32,-24
0,134,33,-22
0,135,34,-20
0,136,35,-18
0,137,36,-16
0,138,37,-13
0,139,38,-11
0,140,38,-9
0,141,39,-6
0,142,39,-4
0,143,39,-2
0,144,39,1
0,145,39,3
0,146,39,6
0,147,38,8
0,148,37,10
0,149,36,13
0,150,35,15
0,151,34,17
0,152,33,19
0,153,32,21
0,154,30,23
0,155,29,25
0,156,27,27
0,157,25,28
0,158,24,30
0,159,22,31
0,160,20,33
0,161,17,34
0,162,15,35
0,163,13,36
0,164,11,37
0,165,8,37
0,166,6,38
0,167,4,38
0,168,1,38
0,169,-1,38
0,170,-4,38
0,171,-6,38
0,172,-8,37
0,173,-11,36
0,174,-13,36
0,175,-15,35
0,176,-17,34
0,177,-20,33
0,178,-22,31
0,179,-24,30
0,180,-26,28
0,181,-27,27
0,182,-29,25
0,183,-31,23
0,184,-32,21
0,185,-34,19
0,186,-35,17
0,187,-36,15
0,188,-37,13
0,189,-38,11
0,190,-39,8
0,191,-39,6
0,192,-40,4
0,193,-40,1
0,194,-40,-1
0,195,-40,-4
0,196,-40,-6
0,197,-40,-8
0,198,-39,-11
0,199,-38,-13
0,200,-38,-15
0,201,-37,-18
0,202,-36,-20
0,203,-34,-22
0,204,-33,-24
0,205,-32,-26
0,206,-30,-28
0,207,-29,-30
0,208,-27,-31
0,209,-25,-33
0,210,-23,-34
0,211,-21,-36
0,212,-19,-37
0,213,-17,-38
0,214,-15,-39
0,215,-12,-40
0,216,-10,-40
0,217,-8,-41
0,218,-5,-41
0,219,-3,-42
0,220,-1,-42
0,221,2,-41
0,222,4,-41
0,223,7,-41
0,224,9,-40
0,225,11,-39
0,226,14,-38
0,227,16,-37
0,228,18,-36
0,229,20,-35
0,230,22,-34
0,231,24,-32
0,232,26,-31
0,233,28,-29
0,234,29,-27
0,235,31,-25
0,236,32,-23
0,237,34,-21
0,238,35,-19
0,239,36,-17
0,240,37,-15
0,241,37,-12
0,242,38,-10
0,243,38,-8
0,244,39,-5
0,245,39,-3
0,246,39,0
0,247,39,2
0,248,38,4
0,249,38,7
0,250,37,9
0,251,36,11
0,252,35,14
0,253,34,16
0,254,33,18
0,255,32,20
0,256,30,22
0,257,29,24
0,258,27,26
0,259,26,28
0,260,24,29
0,261,22,31
0,262,20,32
0,263,18,34
0,264,16,35
0,265,14,36
0,266,11,37
0,267,9,37
0,268,7,38
0,269,4,38
0,270,2,39
0,271,-1,39
0,272,-3,39
0,273,-5,39
0,274,-8,38
0,275,-10,38
0,276,-12,37
0,277,-15,36
0,278,-17,35
0,279,-19,34
0,280,-21,33
0,281,-23,32
0,282,-25,30
0,283,-27,29
0,284,-29,27
0,285,-31,25
0,286,-32,24
0,287,-34,22
0,288,-35,20
0,289,-36,18
0,290,-37,15
0,291,-38,13
0,292,-39,11
0,293,-40,9
0,294,-40,6
0,295,-41,4
0,296,-41,1
0,297,-41,-1
0,298,-41,-3
0,299,-40,-6
0,300,-40,-8
0,301,-39,-11
0,302,-39,-13
0,303,-38,-15
0,304,-37,-17
0,305,-35,-20
0,306,-34,-22
0,307,-33,-24
0,308,-31,-26
0,309,-30,-28
0,310,-28,-29
0,311,-26,-31
0,312,-24,-33
0,313,-22,-34
0,314,-20,-35
0,315,-18,-36
0,316,-16,-37
0,317,-14,-38
0,318,-12,-39
0,319,-9,-40
0,320,-7,-40
0,321,-4,-41
0,322,-2,-41
0,323,0,-41
0,324,3,-40
0,325,5,-40
0,326,8,-40
0,327,10,-39
0,328,12,-38
0,329,14,-37
0,330,17,-36
0,331,19,-35
0,332,21,-34
0,333,23,-32
0,334,25,-31
0,335,27,-29
0,336,28,-27
0,337,30,-25
0,338,31,-24
0,339,33,-22
0,340,34,-19
0,341,35,-17
0,342,36,-15
0,343,37,-13
0,344,38,-10
0,345,38,-8
0,346,39,-6
0,347,39,-3
0,348,39,-1
0,349,39,2
0,350,39,4
0,351,38,6
0,352,38,9
0,353,37,11
0,354,36,13
0,355,35,16
0,356,34,18
0,357,32,20
0,358,31,22
0,359,30,24
0,360,28,26
0,361,26,28
0,362,25,29
0,363,23,31
0,364,21,32
0,365,19,34
0,366,17,35
0,367,14,36
0,368,12,37
0,369,10,37
0,370,7,38
0,371,5,38
0,372,3,39
0,373,0,39
0,374,-2,39
0,375,-5,39
0,376,-7,38
0,377,-9,38
0,378,-12,37
0,379,-14,37
0,380,-16,36
0,381,-19,35
0,382,-21,33
0,383,-23,32
0,384,-25,31
0,385,-27,29
0,386,-29,28
0,387,-30,26
0,388,-32,24
0,389,-34,22
0,390,-35,20
0,391,-36,18
0,392,-37,16
0,393,-38,14
0,394,-39,11
0,395,-40,9
0,396,-40,7
0,397,-41,4
0,398,-41,2
0,399,-41,0
0,400,-41,-3
0,401,-41,-5
0,402,-41,-8
0,403,-40,-10
0,404,-40,-12
0,405,-39,-15
0,406,-38,-17
0,407,-37,-19
0,408,-35,-21
0,409,-34,-23
0,410,-33,-25
0,411,-31,-27
0,412,-30,-29
0,413,-28,-31
0,414,-26,-33
0,415,-24,-34
0,416,-22,-35
0,417,-20,-37
0,418,-18,-38
0,419,-15,-39
0,420,-13,-39
0,421,-11,-40
0,422,-8,-41
0,423,-6,-41
0,424,-3,-41
0,425,-1,-41
0,426,1,-41
0,427,4,-41
0,428,6,-40
0,429,9,-40
0,430,11,-39
0,431,13,-38
0,432,16,-37
0,433,18,-36
0,434,20,-34
0,435,22,-33
0,436,24,-31
0,437,26,-30
0,438,28,-28
0,439,29,-26
0,440,31,-24
0,441,32,-22
0,442,33,-20
0,443,35,-18
0,444,36,-16
0,445,37,-14
0,446,37,-11
0,447,38,-9
0,448,38,-7
0,449,39,-4
0,450,39,-2
0,451,39,1
0,452,38,3
0,453,38,5
0,454,38,8
0,455,37,10
0,456,36,12
0,457,35,15
0,458,34,17
0,459,33,19
0,460,31,21
0,461,30,23
0,462,28,25
0,463,27,27
0,464,25,29
0,465,23,30
0,466,21,32
0,467,19,33
0,468,17,34
0,469,15,35
0,470,13,36
0,471,10,37
0,472,8,38
0,473,6,38
0,474,3,39
0,475,1,39
0,476,-2,39
0,477,-4,39
0,478,-6,39
0,479,-9,38
0,480,-11,38
0,481,-14,37
0,482,-16,36
0,483,-18,35
0,484,-20,34
0,485,-22,33
0,486,-24,31
0,487,-26,30
0,488,-28,28
0,489,-30,26
0,490,-32,25
0,491,-33,23
0,492,-35,21
0,493,-36,19
0,494,-37,17
0,495,-38,14
0,496,-39,12
0,497,-40,10
0,498,-41,7
0,499,-41,5
0,500,-41,3
0,501,-41,0
0,502,-41,-2
0,503,-41,-5
0,504,-41,-7
0,505,-41,-9
0,506,-40,-12
0,507,-39,-14
0,508,-38,-16
0,509,-37,-19
0,510,-36,-21
0,511,-35,-23
0,512,-33,-25
0,513,-32,-27
0,514,-30,-29
0,515,-28,-30
0,516,-26,-32
0,517,-24,-34
0,518,-22,-35
0,519,-20,-36
0,520,-18,-37
0,521,-16,-38
0,522,-14,-39
0,523,-11,-40
0,524,-9,-40
0,525,-6,-41
0,526,-4,-41
0,527,-1,-41
0,528,1,-41
0,529,3,-41
0,530,6,-40
0,531,8,-40
0,532,11,-39
0,533,13,-38
0,534,15,-37
0,535,17,-36
0,536,20,-35
0,537,22,-34
0,538,24,-32
0,539,26,-31
0,540,27,-29
0,541,29,-27
0,542,31,-25
0,543,32,-23
0,544,34,-21
0,545,35,-19
0,546,36,-17
0,547,37,-15
0,548,38,-13
0,549,38,-10
0,550,39,-8
0,551,39,-5
0,552,39,-3
0,553,39,-1
0,554,39,2
0,555,39,4
0,556,38,7
0,557,38,9
0,558,37,11
0,559,36,14
0,560,35,16
0,561,34,18
0,562,32,20
0,563,31,22
0,564,30,24
0,565,28,26
0,566,26,28
0,567,24,30
0,568,23,31
0,569,20,33
0,570,18,34
0,571,16,35
0,572,14,36
0,573,12,37
0,574,9,38
0,575,7,38
0,576,4,39
0,577,2,39
0,578,0,39
0,579,-3,39
0,580,-5,39
0,581,-8,39
0,582,-10,38
0,583,-12,38
0,584,-15,37
0,585,-17,36
0,586,-19,35
0,587,-21,33
0,588,-23,32
0,589,-25,31
0,590,-27,29
0,591,-29,28
0,592,-31,26
0,593,-33,24
0,594,-34,22
0,595,-36,20
0,596,-37,18
0,597,-38,16
0,598,-39,14
0,599,-40,11
0,600,-40,9
0,601,-41,6
0,602,-41,4
0,603,-42,2
0,604,-42,-1
0,605,-42,-3
0,606,-41,-6
0,607,-41,-8
0,608,-40,-10
0,609,-40,-13
0,610,-39,-15
0,611,-38,-17
0,612,-37,-19
0,613,-35,-22
0,614,-34,-24
0,615,-33,-26
0,616,-31,-28
0,617,-29,-29
0,618,-27,-31
0,619,-25,-33
0,620,-23,-34
0,621,-21,-36
0,622,-19,-37
0,623,-17,-38
0,624,-15,-39
0,625,-12,-39
0,626,-10,-40
0,627,-7,-41
0,628,-5,-41
0,629,-3,-41
0,630,0,-41
0,631,2,-41
0,632,5,-41
0,633,7,-40
0,634,10,-40
0,635,12,-39
0,636,14,-38
0,637,17,-37
0,638,19,-36
0,639,21,-34
0,640,23,-33
0,641,25,-31
0,642,27,-30
0,643,29,-28
0,644,30,-26
0,645,32,-24
0,646,33,-22
0,647,34,-20
0,648,36,-18
0,649,37,-16
0,650,37,-13
0,651,38,-11
0,652,38,-9
0,653,39,-6
0,654,39,-4
0,655,39,-1
0,656,39,1
0,657,39,3
0,658,39,6
0,659,38,8
0,660,37,11
0,661,37,13
0,662,36,15
0,663,35,17
0,664,33,20
0,665,32,22
0,666,31,24
0,667,29,26
0,668,27,27
0,669,25,29
0,670,24,31
0,671,22,33
0,672,19,34
0,673,17,35
0,674,15,36
0,675,13,37
0,676,10,38
0,677,8,39
0,678,6,39
0,679,3,40
0,680,1,40
0,681,-2,40
0,682,-4,40
0,683,-7,40
0,684,-9,39
0,685,-12,39
0,686,-14,38
0,687,-16,37
0,688,-19,36
0,689,-21,35
0,690,-23,34
0,691,-25,32
0,692,-27,31
0,693,-29,29
0,694,-31,27
0,695,-32,26
0,696,-34,24
0,697,-36,22
0,698,-37,20
0,699,-38,17
0,700,-39,15
0,701,-40,13
0,702,-41,11
0,703,-41,8
0,704,-42,6
0,705,-42,3
0,706,-42,1
0,707,-42,-2
0,708,-42,-4
0,709,-42,-7
0,710,-41,-9
0,711,-41,-11
0,712,-40,-14
0,713,-39,-16
0,714,-38,-18
0,715,-37,-20
0,716,-35,-22
0,717,-34,-24
0,718,-32,-27
0,719,-31,-28
0,720,-29,-30
0,721,-27,-32
0,722,-25,-33
0,723,-23,-35
0,724,-21,-36
0,725,-19,-37
0,726,-16,-38
0,727,-14,-39
0,728,-12,-40
0,729,-9,-40
0,730,-7,-41
0,731,-4,-41
0,732,-2,-41
0,733,1,-41
0,734,3,-41
0,735,6,-41
0,736,8,-40
0,737,10,-39
0,738,13,-39
0,739,15,-38
0,740,17,-36
0,741,19,-35
0,742,21,-34
0,743,23,-32
0,744,25,-31
0,745,27,-29
0,746,29,-27
0,747,30,-25
0,748,32,-23
0,749,33,-21
0,750,34,-19
0,751,35,-17
0,752,36,-14
0,753,37,-12
0,754,38,-10
0,755,38,-7
0,756,39,-5
0,757,39,-2
0,758,39,0
0,759,39,3
0,760,38,5
0,761,38,8
0,762,37,10
0,763,37,12
0,764,36,15
0,765,34,17
0,766,33,19
0,767,32,21
0,768,31,23
0,769,29,25
0,770,27,27
0,771,26,29
0,772,24,31
0,773,22,32
0,774,20,33
0,775,18,35
0,776,16,36
0,777,14,37
0,778,11,38
0,779,9,38
0,780,7,39
0,781,4,39
0,782,2,40
0,783,-1,40
0,784,-3,40
0,785,-6,40
0,786,-8,39
0,787,-10,39
0,788,-13,38
0,789,-15,37
0,790,-17,36
0,791,-20,35
0,792,-22,34
0,793,-24,33
0,794,-26,31
0,795,-28,30
0,796,-30,28
0,797,-31,26
0,798,-33,25
0,799,-35,23
0,800,-36,20
0,801,-37,18
0,802,-38,16
0,803,-39,14
0,804,-40,12
0,805,-40,9
0,806,-41,7
0,807,-41,4
0,808,-41,2
0,809,-41,-1
0,810,-41,-3
0,811,-41,-5
0,812,-41,-8
0,813,-40,-10
0,814,-39,-13
0,815,-38,-15
0,816,-37,-17
0,817,-36,-19
0,818,-35,-22
0,819,-34,-24
0,820,-32,-26
0,821,-30,-27
0,822,-29,-29
0,823,-27,-31
0,824,-25,-32
0,825,-23,-34
0,826,-21,-35
0,827,-19,-36
0,828,-17,-37
0,829,-14,-38
0,830,-12,-39
0,831,-10,-40
0,832,-7,-40
0,833,-5,-40
0,834,-2,-40
0,835,0,-40
0,836,3,-40
0,837,5,-40
0,838,7,-40
0,839,10,-39
0,840,12,-38
0,841,14,-37
0,842,17,-36
0,843,19,-35
0,844,21,-34
0,845,23,-32
0,846,25,-31
0,847,27,-29
0,848,28,-27
0,849,30,-25
0,850,32,-23
0,851,33,-21
0,852,34,-19
0,853,35,-17
0,854,36,-15
0,855,37,-12
0,856,38,-10
0,857,38,-7
0,858,39,-5
0,859,39,-2
0,860,39,0
0,861,39,2
0,862,39,5
0,863,38,7
0,864,38,10
0,865,37,12
0,866,36,15
0,867,35,17
0,868,34,19
0,869,33,21
0,870,31,23
0,871,30,25
0,872,28,27
0,873,26,29
0,874,25,31
0,875,23,32
0,876,21,34
0,877,18,35
0,878,16,36
0,879,14,37
0,880,12,38
0,881,9,39
0,882,7,39
0,883,4,40
0,884,2,40
0,885,-1,40
0,886,-3,40
0,887,-6,40
0,888,-8,40
0,889,-11,39
0,890,-13,39
0,891,-16,38
0,892,-18,37
0,893,-21,36
0,894,-23,35
0,895,-25,33
0,896,-27,32
0,897,-29,30
0,898,-30,29
0,899,-32,27
0,900,-34,25
0,901,-35,23
0,902,-36,21
0,903,-37,19
0,904,-38,17
0,905,-39,15
0,906,-40,12
0,907,-41,10
0,908,-41,8
0,909,-41,5
0,910,-41,3
0,911,-41,1
0,912,-41,-2
0,913,-41,-4
0,914,-41,-7
0,915,-40,-9
0,916,-39,-11
0,917,-38,-14
0,918,-37,-16
0,919,-36,-18
0,920,-35,-20
0,921,-33,-22
0,922,-32,-24
0,923,-30,-26
0,924,-29,-28
0,925,-27,-29
0,926,-25,-31
0,927,-23,-33
0,928,-21,-34
0,929,-19,-35
0,930,-17,-36
0,931,-14,-37
0,932,-12,-38
0,933,-10,-38
0,934,-7,-39
0,935,-5,-39
0,936,-3,-39
0,937,0,-39
0,938,2,-39
0,939,5,-39
0,940,7,-38
0,941,10,-38
0,942,12,-37
0,943,14,-36
0,944,16,-35
0,945,19,-34
0,946,21,-32
0,947,23,-31
0,948,25,-30
0,949,27,-28
0,950,28,-26
0,951,30,-24
0,952,31,-23
0,953,33,-21
0,954,34,-18
0,955,35,-16
0,956,36,-14
0,957,37,-12
0,958,38,-9
0,959,38,-7
0,960,39,-5
0,961,39,-2
0,962,39,0
0,963,39,3
0,964,39,5
0,965,39,8
0,966,38,10
0,967,37,12
0,968,37,15
0,969,36,17
0,970,34,19
0,971,33,21
0,972,32,23
0,973,30,25
0,974,29,27
0,975,27,29
0,976,25,31
0,977,24,32
0,978,22,34
0,979,20,35
0,980,18,36
0,981,15,38
0,982,13,38
0,983,11,39
0,984,9,40
0,985,6,40
0,986,4,41
0,987,1,41
0,988,-1,41
0,989,-3,41
0,990,-6,41
0,991,-8,40
0,992,-11,40
0,993,-13,39
0,994,-15,38
0,995,-18,37
0,996,-20,36
0,997,-22,34
0,998,-24,33
0,999,-26,31
0,1000,-27,30
0,1001,-29,28
0,1002,-31,26
0,1003,-32,25
0,1004,-34,22
0,1005,-35,20
0,1006,-36,18
0,1007,-37,16
0,1008,-38,14
0,1009,-38,11
0,1010,-39,9
0,1011,-39,7
0,1012,-39,4
0,1013,-40,2
0,1014,-39,-1
0,1015,-39,-3
0,1016,-39,-6
0,1017,-38,-8
0,1018,-37,-10
0,1019,-37,-13
0,1020,-35,-15
0,1021,-34,-17
0,1022,-33,-19
0,1023,-32,-21
1,0,5,-5
1,1,5,-5
1,2,6,-4
1,3,6,-3
1,4,6,-2
1,5,7,-1
1,6,7,0
1,7,7,1
1,8,7,2
1,9,6,3
1,10,6,4
1,11,5,4
1,12,5,5
1,13,4,6
1,14,4,6
1,15,3,7
1,16,2,7
1,17,1,8
1,18,0,8
1,19,-1,8
1,20,-2,8
1,21,-3,8
1,22,-3,7
1,23,-4,7
1,24,-5,7
1,25,-6,6
1,26,-6,5
1,27,-7,4
1,28,-8,4
1,29,-8,3
1,30,-8,2
1,31,-8,1
1,32,-8,0
1,33,-8,-1
1,34,-8,-2
1,35,-8,-3
1,36,-7,-4
1,37,-7,-4
1,38,-6,-5
1,39,-5,-6
1,40,-5,-6
1,41,-4,-7
1,42,-3,-7
1,43,-2,-7
1,44,-1,-8
1,45,0,-8
1,46,1,-8
1,47,2,-7
1,48,3,-7
1,49,3,-6
1,50,4,-6
1,51,5,-5
1,52,5,-5
1,53,6,-4
1,54,6,-3
1,55,7,-2
1,56,7,-1
1,57,7,0
1,58,7,1
1,59,7,2
1,60,7,3
1,61,6,3
1,62,6,4
1,63,5,5
1,64,5,6
1,65,4,6
1,66,3,7
1,67,2,7
1,68,1,8
1,69,0,8
1,70,0,8
1,71,-1,8
1,72,-2,8
1,73,-3,8
1,74,-4,7
1,75,-5,7
1,76,-6,6
1,77,-6,5
1,78,-7,5
1,79,-8,4
1,80,-8,3
1,81,-8,2
1,82,-8,1
1,83,-8,0
1,84,-8,-1
1,85,-8,-2
1,86,-8,-3
1,87,-8,-3
1,88,-7,-4
1,89,-6,-5
1,90,-6,-6
1,91,-5,-6
1,92,-4,-7
1,93,-3,-7
1,94,-2,-8
1,95,-1,-8
1,96,0,-8
1,97,0,-8
1,98,1,-8
1,99,2,-7
1,100,3,-7
1,101,4,-6
1,102,5,-6
1,103,5,-5
1,104,6,-4
1,105,6,-4
1,106,7,-3
1,107,7,-2
1,108,7,-1
1,109,7,0
1,110,7,1
1,111,7,2
1,112,7,3
1,113,6,4
1,114,6,4
1,115,5,5
1,116,5,6
1,117,4,6
1,118,3,7
1,119,2,7
1,120,1,7
1,121,1,7
1,122,0,7
1,123,-1,7
1,124,-2,7
1,125,-3,7
1,126,-4,6
1,127,-4,6
1,128,-5,5
1,129,-6,4
1,130,-6,4
1,131,-7,3
1,132,-8,2
1,133,-8,1
1,134,-8,0
1,135,-8,-1
1,136,-8,-2
1,137,-8,-3
1,138,-8,-4
1,139,-7,-5
1,140,-7,-6
1,141,-6,-7
1,142,-6,-7
1,143,-5,-8
1,144,-4,-8
1,145,-3,-9
1,146,-2,-9
1,147,-1,-9
1,148,0,-9
1,149,1,-9
1,150,2,-9
1,151,2,-8
1,152,3,-8
1,153,4,-7
1,154,5,-7
1,155,5,-6
1,156,6,-5
1,157,6,-4
1,158,7,-3
1,159,7,-2
1,160,7,-1
1,161,7,0
1,162,7,0
1,163,7,1
1,164,6,2
1,165,6,3
1,166,5,4
1,167,4,5
1,168,4,5
1,169,3,6
1,170,2,6
1,171,1,6
1,172,0,6
1,173,-1,6
1,174,-2,6
1,175,-3,6
1,176,-4,6
1,177,-5,5
1,178,-6,5
1,179,-7,4
1,180,-7,3
1,181,-8,3
1,182,-8,2
1,183,-9,1
1,184,-9,0
1,185,-9,-1
1,186,-9,-2
1,187,-9,-3
1,188,-9,-4
1,189,-9,-5
1,190,-8,-6
1,191,-8,-6
1,192,-7,-7
1,193,-6,-8
1,194,-5,-8
1,195,-4,-9
1,196,-4,-9
1,197,-3,-9
1,198,-2,-9
1,199,-1,-9
1,200,0,-9
1,201,1,-9
1,202,2,-9
1,203,3,-8
1,204,4,-8
1,205,5,-7
1,206,6,-6
1,207,6,-5
1,208,7,-5
1,209,7,-4
1,210,7,-3
1,211,7,-2
1,212,7,-1
1,213,7,0
1,214,7,1
1,215,7,2
1,216,6,3
1,217,5,4
1,218,5,4
1,219,4,5
1,220,3,5
1,221,2,6
1,222,1,6
1,223,0,6
1,224,-1,6
1,225,-2,6
1,226,-2,6
1,227,-3,6
1,228,-4,5
1,229,-5,5
1,230,-6,4
1,231,-7,4
1,232,-7,3
1,233,-8,2
1,234,-8,1
1,235,-8,0
1,236,-9,-1
1,237,-9,-2
1,238,-9,-3
1,239,-8,-4
1,240,-8,-4
1,241,-8,-5
1,242,-7,-6
1,243,-6,-7
1,244,-6,-7
1,245,-5,-8
1,246,-4,-8
1,247,-3,-9
1,248,-2,-9
1,249,-1,-9
1,250,0,-9
1,251,1,-9
1,252,2,-9
1,253,3,-9
1,254,4,-8
1,255,4,-8
1,256,5,-7
1,257,6,-6
1,258,6,-5
1,259,7,-4
1,260,7,-3
1,261,8,-2
1,262,8,-1
1,263,8,0
1,264,8,1
1,265,7,1
1,266,7,2
1,267,7,3
1,268,6,4
1,269,5,5
1,270,5,6
1,271,4,6
1,272,3,7
1,273,2,7
1,274,1,7
1,275,0,7
1,276,-1,7
1,277,-2,7
1,278,-3,7
1,279,-4,7
1,280,-5,6
1,281,-6,6
1,282,-7,5
1,283,-7,4
1,284,-8,3
1,285,-8,2
1,286,-9,1
1,287,-9,1
1,288,-9,0
1,289,-9,-1
1,290,-9,-2
1,291,-8,-3
1,292,-8,-4
1,293,-8,-5
1,294,-7,-6
1,295,-6,-7
1,296,-6,-7
1,297,-5,-8
1,298,-4,-8
1,299,-3,-8
1,300,-2,-9
1,301,-1,-9
1,302,0,-9
1,303,1,-8
1,304,2,-8
1,305,3,-8
1,306,4,-7
1,307,4,-6
1,308,5,-6
1,309,6,-5
1,310,6,-4
1,311,7,-3
1,312,7,-2
1,313,7,-1
1,314,7,0
1,315,7,1
1,316,7,2
1,317,6,3
1,318,6,4
1,319,5,4
1,320,5,5
1,321,4,6
1,322,3,6
1,323,2,7
1,324,1,7
1,325,0,7
1,326,-1,7
1,327,-2,7
1,328,-3,7
1,329,-4,7
1,330,-5,7
1,331,-5,6
1,332,-6,6
1,333,-7,5
1,334,-8,4
1,335,-8,3
1,336,-9,2
1,337,-9,1
1,338,-9,1
1,339,-9,0
1,340,-9,-1
1,341,-9,-2
1,342,-9,-3
1,343,-9,-4
1,344,-8,-5
1,345,-8,-6
1,346,-7,-7
1,347,-6,-7
1,348,-5,-8
1,349,-4,-8
1,350,-3,-9
1,351,-2,-9
1,352,-1,-9
1,353,0,-9
1,354,1,-9
1,355,2,-9
1,356,2,-8
1,357,3,-8
1,358,4,-7
1,359,5,-6
1,360,5,-6
1,361,6,-5
1,362,6,-4
1,363,7,-3
1,364,7,-2
1,365,7,-1
1,366,7,0
1,367,7,1
1,368,7,2
1,369,6,3
1,370,6,4
1,371,5,4
1,372,4,5
1,373,4,6
1,374,3,6
1,375,2,7
1,376,1,7
1,377,0,7
1,378,-1,7
1,379,-2,7
1,380,-3,7
1,381,-4,6
1,382,-5,6
1,383,-6,5
1,384,-6,5
1,385,-7,4
1,386,-8,3
1,387,-8,2
1,388,-9,1
1,389,-9,0
1,390,-9,-1
1,391,-9,-2
1,392,-9,-3
1,393,-9,-3
1,394,-8,-4
1,395,-8,-5
1,396,-7,-6
1,397,-7,-7
1,398,-6,-7
1,399,-5,-8
1,400,-4,-9
1,401,-3,-9
1,402,-2,-9
1,403,-1,-9
1,404,0,-9
1,405,1,-9
1,406,2,-9
1,407,2,-8
1,408,3,-8
1,409,4,-7
1,410,5,-7
1,411,6,-6
1,412,6,-5
1,413,7,-4
1,414,7,-3
1,415,7,-2
1,416,7,-1
1,417,7,0
1,418,7,1
1,419,7,2
1,420,6,2
1,421,6,3
1,422,5,4
1,423,5,5
1,424,4,5
1,425,3,6
1,426,2,6
1,427,1,7
1,428,0,7
1,429,-1,7
1,430,-2,7
1,431,-3,7
1,432,-4,6
1,433,-5,6
1,434,-6,6
1,435,-6,5
1,436,-7,4
1,437,-8,3
1,438,-8,3
1,439,-9,2
1,440,-9,1
1,441,-9,0
1,442,-9,-1
1,443,-9,-2
1,444,-9,-3
1,445,-9,-4
1,446,-8,-5
1,447,-8,-6
1,448,-7,-7
1,449,-6,-7
1,450,-6,-8
1,451,-5,-8
1,452,-4,-9
1,453,-3,-9
1,454,-2,-9
1,455,-1,-9
1,456,0,-9
1,457,1,-9
1,458,2,-9
1,459,3,-8
1,460,4,-8
1,461,5,-7
1,462,5,-6
1,463,6,-5
1,464,6,-4
1,465,7,-3
1,466,7,-2
1,467,7,-1
1,468,7,0
1,469,7,0
1,470,7,1
1,471,6,2
1,472,6,3
1,473,5,4
1,474,5,5
1,475,4,5
1,476,3,6
1,477,2,6
1,478,1,7
1,479,0,7
1,480,-1,7
1,481,-2,7
1,482,-3,7
1,483,-4,7
1,484,-5,6
1,485,-6,6
1,486,-7,5
1,487,-7,4
1,488,-8,4
1,489,-8,3
1,490,-9,2
1,491,-9,1
1,492,-9,0
1,493,-10,-1
1,494,-9,-2
1,495,-9,-3
1,496,-9,-4
1,497,-9,-5
1,498,-8,-6
1,499,-7,-6
1,500,-7,-7
1,501,-6,-8
1,502,-5,-8
1,503,-4,-9
1,504,-3,-9
1,505,-2,-9
1,506,-1,-9
1,507,0,-9
1,508,1,-9
1,509,2,-9
1,510,3,-8
1,511,4,-7
1,512,5,-7
1,513,5,-6
1,514,6,-5
1,515,6,-4
1,516,7,-4
1,517,7,-3
1,518,7,-2
1,519,7,-1
1,520,7,0
1,521,7,1
1,522,7,2
1,523,6,3
1,524,6,4
1,525,5,5
1,526,4,5
1,527,3,6
1,528,2,6
1,529,1,7
1,530,1,7
1,531,0,7
1,532,-1,7
1,533,-2,7
1,534,-3,7
1,535,-4,6
1,536,-5,6
1,537,-6,5
1,538,-7,5
1,539,-7,4
1,540,-8,3
1,541,-8,2
1,542,-9,1
1,543,-9,0
1,544,-9,-1
1,545,-9,-2
1,546,-9,-3
1,547,-9,-4
1,548,-8,-5
1,549,-8,-5
1,550,-7,-6
1,551,-7,-7
1,552,-6,-8
1,553,-5,-8
1,554,-4,-9
1,555,-3,-9
1,556,-2,-9
1,557,-1,-9
1,558,0,-9
1,559,1,-9
1,560,2,-9
1,561,3,-8
1,562,4,-8
1,563,5,-7
1,564,5,-6
1,565,6,-5
1,566,6,-5
1,567,7,-4
1,568,7,-3
1,569,7,-2
1,570,7,-1
1,571,7,0
1,572,7,1
1,573,7,2
1,574,6,3
1,575,6,4
1,576,5,5
1,577,4,5
1,578,4,6
1,579,3,6
1,580,2,7
1,581,1,7
1,582,0,7
1,583,-1,7
1,584,-2,7
1,585,-3,7
1,586,-4,7
1,587,-5,6
1,588,-6,6
1,589,-7,5
1,590,-7,4
1,591,-8,4
1,592,-8,3
1,593,-9,2
1,594,-9,1
1,595,-9,0
1,596,-9,-1
1,597,-9,-2
1,598,-9,-3
1,599,-9,-4
1,600,-8,-5
1,601,-8,-6
1,602,-7,-7
1,603,-6,-7
1,604,-5,-8
1,605,-4,-8
1,606,-3,-9
1,607,-2,-9
1,608,-1,-9
1,609,0,-9
1,610,1,-9
1,611,2,-8
1,612,3,-8
1,613,3,-7
1,614,4,-7
1,615,5,-6
1,616,6,-5
1,617,6,-4
1,618,7,-4
1,619,7,-3
1,620,7,-2
1,621,7,-1
1,622,7,0
1,623,7,1
1,624,7,2
1,625,6,3
1,626,6,4
1,627,5,5
1,628,4,6
1,629,3,6
1,630,3,7
1,631,2,7
1,632,1,7
1,633,0,8
1,634,-1,8
1,635,-2,8
1,636,-3,7
1,637,-4,7
1,638,-5,7
1,639,-6,6
1,640,-7,5
1,641,-7,5
1,642,-8,4
1,643,-9,3
1,644,-9,2
1,645,-9,1
1,646,-9,0
1,647,-9,-1
1,648,-9,-2
1,649,-9,-3
1,650,-9,-4
1,651,-8,-5
1,652,-8,-5
1,653,-7,-6
1,654,-6,-7
1,655,-5,-8
1,656,-5,-8
1,657,-4,-8
1,658,-3,-9
1,659,-2,-9
1,660,-1,-9
1,661,0,-9
1,662,1,-8
1,663,2,-8
1,664,3,-7
1,665,4,-7
1,666,5,-6
1,667,5,-5
1,668,6,-5
1,669,6,-4
1,670,7,-3
1,671,7,-2
1,672,7,-1
1,673,7,0
1,674,7,1
1,675,6,2
1,676,6,3
1,677,6,4
1,678,5,5
1,679,4,6
1,680,3,6
1,681,3,7
1,682,2,7
1,683,1,8
1,684,0,8
1,685,-1,8
1,686,-2,8
1,687,-3,8
1,688,-4,7
1,689,-5,7
1,690,-6,6
1,691,-7,6
1,692,-7,5
1,693,-8,4
1,694,-9,3
1,695,-9,3
1,696,-9,2
1,697,-9,1
1,698,-9,0
1,699,-9,-1
1,700,-9,-2
1,701,-9,-3
1,702,-8,-4
1,703,-8,-5
1,704,-7,-6
1,705,-6,-7
1,706,-6,-7
1,707,-5,-8
1,708,-4,-8
1,709,-3,-8
1,710,-2,-8
1,711,-1,-8
1,712,0,-8
1,713,1,-8
1,714,2,-8
1,715,3,-7
1,716,4,-7
1,717,5,-6
1,718,5,-5
1,719,6,-5
1,720,6,-4
1,721,7,-3
1,722,7,-2
1,723,7,-1
1,724,7,0
1,725,7,1
1,726,7,2
1,727,6,3
1,728,6,4
1,729,5,5
1,730,5,6
1,731,4,6
1,732,3,7
1,733,2,7
1,734,1,8
1,735,0,8
1,736,-1,8
1,737,-2,8
1,738,-3,8
1,739,-4,8
1,740,-5,7
1,741,-6,7
1,742,-7,6
1,743,-7,5
1,744,-8,5
1,745,-9,4
1,746,-9,3
1,747,-9,2
1,748,-9,1
1,749,-10,0
1,750,-10,-1
1,751,-9,-2
1,752,-9,-3
1,753,-9,-4
1,754,-8,-5
1,755,-8,-6
1,756,-7,-7
1,757,-6,-7
1,758,-5,-8
1,759,-4,-8
1,760,-3,-8
1,761,-2,-9
1,762,-1,-9
1,763,0,-9
1,764,1,-8
1,765,2,-8
1,766,3,-8
1,767,3,-7
1,768,4,-6
1,769,5,-6
1,770,6,-5
1,771,6,-4
1,772,6,-3
1,773,7,-2
1,774,7,-1
1,775,7,0
1,776,7,1
1,777,6,2
1,778,6,3
1,779,6,4
1,780,5,5
1,781,5,5
1,782,4,6
1,783,3,7
1,784,2,7
1,785,1,8
1,786,0,8
1,787,-1,8
1,788,-2,8
1,789,-3,8
1,790,-4,8
1,791,-5,7
1,792,-6,7
1,793,-7,6
1,794,-7,5
1,795,-8,5
1,796,-9,4
1,797,-9,3
1,798,-9,2
1,799,-10,1
1,800,-10,0
1,801,-10,-1
1,802,-9,-2
1,803,-9,-3
1,804,-9,-4
1,805,-8,-5
1,806,-8,-6
1,807,-7,-7
1,808,-6,-7
1,809,-5,-8
1,810,-4,-8
1,811,-3,-9
1,812,-2,-9
1,813,-1,-9
1,814,0,-9
1,815,1,-9
1,816,2,-9
1,817,3,-8
1,818,4,-8
1,819,4,-7
1,820,5,-6
1,821,6,-6
1,822,6,-5
1,823,7,-4
1,824,7,-3
1,825,7,-2
1,826,7,-1
1,827,7,0
1,828,7,1
1,829,7,2
1,830,6,3
1,831,6,4
1,832,5,5
1,833,4,6
1,834,4,6
1,835,3,7
1,836,2,7
1,837,1,8
1,838,0,8
1,839,-1,8
1,840,-2,8
1,841,-3,7
1,842,-4,7
1,843,-5,7
1,844,-6,6
1,845,-7,6
1,846,-8,5
1,847,-8,4
1,848,-9,3
1,849,-9,2
1,850,-9,1
1,851,-9,0
1,852,-9,-1
1,853,-9,-2
1,854,-9,-3
1,855,-9,-4
1,856,-8,-5
1,857,-8,-6
1,858,-7,-6
1,859,-6,-7
1,860,-5,-8
1,861,-4,-8
1,862,-3,-8
1,863,-2,-9
1,864,-1,-9
1,865,0,-9
1,866,1,-9
1,867,2,-8
1,868,2,-8
1,869,3,-7
1,870,4,-7
1,871,5,-6
1,872,5,-5
1,873,6,-4
1,874,6,-4
1,875,7,-3
1,876,7,-2
1,877,7,0
1,878,7,1
1,879,6,2
1,880,6,3
1,881,6,3
1,882,5,4
1,883,4,5
1,884,4,6
1,885,3,6
1,886,2,7
1,887,1,7
1,888,0,8
1,889,-1,8
1,890,-2,8
1,891,-3,8
1,892,-4,7
1,893,-5,7
1,894,-6,7
1,895,-7,6
1,896,-8,5
1,897,-8,4
1,898,-9,4
1,899,-9,3
1,900,-9,2
1,901,-10,1
1,902,-9,0
1,903,-9,-1
1,904,-9,-2
1,905,-9,-3
1,906,-8,-4
1,907,-8,-4
1,908,-7,-5
1,909,-6,-6
1,910,-6,-6
1,911,-5,-7
1,912,-4,-7
1,913,-3,-8
1,914,-2,-8
1,915,-1,-8
1,916,0,-8
1,917,1,-8
1,918,2,-7
1,919,3,-7
1,920,3,-7
1,921,4,-6
1,922,5,-5
1,923,6,-4
1,924,6,-4
1,925,6,-3
1,926,7,-2
1,927,7,-1
1,928,7,0
1,929,7,1
1,930,7,2
1,931,6,3
1,932,6,4
1,933,6,5
1,934,5,6
1,935,4,6
1,936,3,7
1,937,3,8
1,938,2,8
1,939,1,8
1,940,0,8
1,941,-1,8
1,942,-2,8
1,943,-3,8
1,944,-4,8
1,945,-5,7
1,946,-5,7
1,947,-6,6
1,948,-7,6
1,949,-7,5
1,950,-8,4
1,951,-8,3
1,952,-8,2
1,953,-8,1
1,954,-8,0
1,955,-8,-1
1,956,-8,-2
1,957,-8,-3
1,958,-7,-4
1,959,-7,-4
1,960,-6,-5
1,961,-5,-6
1,962,-5,-6
1,963,-4,-7
1,964,-3,-7
1,965,-2,-7
1,966,-1,-8
1,967,0,-8
1,968,1,-7
1,969,2,-7
1,970,2,-7
1,971,3,-6
1,972,4,-6
1,973,5,-5
1,974,5,-4
1,975,6,-4
1,976,6,-3
1,977,7,-2
1,978,7,-1
1,979,7,0
1,980,7,1
1,981,7,2
1,982,6,3
1,983,6,4
1,984,6,5
1,985,5,6
1,986,4,6
1,987,4,7
1,988,3,7
1,989,2,8
1,990,1,8
1,991,0,8
1,992,-1,8
1,993,-2,8
1,994,-3,8
1,995,-4,8
1,996,-4,7
1,997,-5,7
1,998,-6,6
1,999,-7,6
1,1000,-7,5
1,1001,-8,4
1,1002,-8,3
1,1003,-8,2
1,1004,-8,1
1,1005,-8,0
1,1006,-8,-1
1,1007,-8,-2
1,1008,-8,-3
1,1009,-7,-4
1,1010,-7,-4
1,1011,-6,-5
1,1012,-5,-6
1,1013,-5,-6
1,1014,-4,-7
1,1015,-3,-7
1,1016,-2,-7
1,1017,-1,-8
1,1018,0,-8
1,1019,1,-7
1,1020,2,-7
1,1021,3,-7
1,1022,3,-6
1,1023,4,-6
2,0,2,14
2,1,0,15
2,2,-3,15
2,3,-6,14
2,4,-8,13
2,5,-11,11
2,6,-13,10
2,7,-14,7
2,8,-15,5
2,9,-16,2
2,10,-16,-1
2,11,-16,-3
2,12,-15,-6
2,13,-14,-8
2,14,-12,-11
2,15,-10,-12
2,16,-8,-14
2,17,-5,-15
2,18,-2,-15
2,19,0,-15
2,20,3,-15
2,21,6,-14
2,22,8,-12
2,23,10,-10
2,24,12,-8
2,25,13,-5
2,26,14,-3
2,27,14,0
2,28,14,3
2,29,13,5
2,30,12,8
2,31,10,10
2,32,8,12
2,33,6,13
2,34,3,14
2,35,0,15
2,36,-3,15
2,37,-5,15
2,38,-8,14
2,39,-10,12
2,40,-12,10
2,41,-14,8
2,42,-15,6
2,43,-16,3
2,44,-17,0
2,45,-16,-3
2,46,-16,-5
2,47,-14,-8
2,48,-13,-10
2,49,-11,-12
2,50,-8,-13
2,51,-6,-14
2,52,-3,-15
2,53,0,-15
2,54,3,-15
2,55,5,-14
2,56,8,-12
2,57,10,-10
2,58,11,-8
2,59,13,-6
2,60,13,-3
2,61,14,0
2,62,14,3
2,63,13,5
2,64,12,8
2,65,10,10
2,66,8,12
2,67,6,13
2,68,3,14
2,69,0,15
2,70,-2,15
2,71,-5,15
2,72,-8,14
2,73,-10,13
2,74,-12,11
2,75,-14,9
2,76,-15,6
2,77,-16,3
2,78,-17,1
2,79,-17,-2
2,80,-16,-5
2,81,-15,-7
2,82,-13,-10
2,83,-11,-12
2,84,-9,-13
2,85,-6,-14
2,86,-4,-15
2,87,-1,-15
2,88,2,-15
2,89,5,-14
2,90,7,-13
2,91,9,-11
2,92,11,-9
2,93,12,-6
2,94,13,-4
2,95,14,-1
2,96,14,2
2,97,13,5
2,98,12,7
2,99,10,9
2,100,8,11
2,101,6,13
2,102,3,14
2,103,1,15
2,104,-2,15
2,105,-5,14
2,106,-7,14
2,107,-10,12
2,108,-12,10
2,109,-14,8
2,110,-15,6
2,111,-16,3
2,112,-17,0
2,113,-16,-3
2,114,-16,-5
2,115,-15,-8
2,116,-13,-10
2,117,-11,-12
2,118,-9,-14
2,119,-6,-15
2,120,-3,-16
2,121,0,-16
2,122,2,-16
2,123,5,-15
2,124,8,-13
2,125,10,-12
2,126,12,-10
2,127,13,-7
2,128,14,-4
2,129,15,-2
2,130,15,1
2,131,14,4
2,132,13,6
2,133,11,8
2,134,9,10
2,135,7,12
2,136,4,13
2,137,2,14
2,138,-1,14
2,139,-4,13
2,140,-7,13
2,141,-9,11
2,142,-11,10
2,143,-13,7
2,144,-14,5
2,145,-15,2
2,146,-16,-1
2,147,-16,-3
2,148,-15,-6
2,149,-14,-9
2,150,-13,-11
2,151,-11,-13
2,152,-8,-15
2,153,-6,-16
2,154,-3,-17
2,155,0,-17
2,156,2,-17
2,157,5,-16
2,158,7,-15
2,159,10,-13
2,160,11,-11
2,161,13,-8
2,162,14,-6
2,163,14,-3
2,164,14,0
2,165,14,3
2,166,13,5
2,167,11,7
2,168,9,9
2,169,7,11
2,170,5,12
2,171,2,13
2,172,-1,13
2,173,-4,13
2,174,-6,12
2,175,-9,11
2,176,-11,10
2,177,-13,7
2,178,-14,5
2,179,-15,2
2,180,-16,0
2,181,-16,-3
2,182,-15,-6
2,183,-14,-8
2,184,-13,-11
2,185,-11,-13
2,186,-9,-14
2,187,-6,-16
2,188,-3,-16
2,189,-1,-17
2,190,2,-16
2,191,5,-16
2,192,7,-14
2,193,9,-13
2,194,11,-11
2,195,13,-8
2,196,14,-6
2,197,14,-3
2,198,14,0
2,199,14,2
2,200,13,5
2,201,11,8
2,202,10,10
2,203,7,11
2,204,5,13
2,205,2,13
2,206,-1,14
2,207,-3,14
2,208,-6,13
2,209,-8,12
2,210,-11,10
2,211,-13,8
2,212,-14,6
2,213,-15,3
2,214,-16,0
2,215,-16,-2
2,216,-15,-5
2,217,-14,-8
2,218,-13,-10
2,219,-11,-12
2,220,-9,-14
2,221,-6,-15
2,222,-4,-16
2,223,-1,-16
2,224,2,-16
2,225,4,-15
2,226,7,-14
2,227,9,-13
2,228,11,-11
2,229,12,-8
2,230,13,-6
2,231,14,-3
2,232,14,0
2,233,14,2
2,234,13,5
2,235,11,8
2,236,10,10
2,237,7,11
2,238,5,13
2,239,2,14
2,240,-1,14
2,241,-3,14
2,242,-6,13
2,243,-9,12
2,244,-11,11
2,245,-13,9
2,246,-14,6
2,247,-15,4
2,248,-16,1
2,249,-16,-2
2,250,-16,-5
2,251,-15,-7
2,252,-14,-10
2,253,-12,-12
2,254,-10,-14
2,255,-7,-15
2,256,-4,-16
2,257,-2,-16
2,258,1,-16
2,259,4,-16
2,260,6,-15
2,261,9,-13
2,262,10,-11
2,263,12,-9
2,264,13,-6
2,265,14,-3
2,266,14,-1
2,267,14,2
2,268,13,5
2,269,12,7
2,270,10,9
2,271,8,11
2,272,5,12
2,273,3,13
2,274,0,14
2,275,-3,14
2,276,-6,13
2,277,-8,12
2,278,-11,11
2,279,-12,9
2,280,-14,6
2,281,-15,4
2,282,-16,1
2,283,-16,-2
2,284,-16,-4
2,285,-15,-7
2,286,-14,-9
2,287,-12,-12
2,288,-10,-13
2,289,-7,-15
2,290,-5,-16
2,291,-2,-16
2,292,1,-16
2,293,3,-16
2,294,6,-15
2,295,8,-13
2,296,10,-11
2,297,12,-9
2,298,13,-7
2,299,14,-4
2,300,14,-1
2,301,14,2
2,302,13,4
2,303,12,7
2,304,10,9
2,305,8,11
2,306,6,12
2,307,3,13
2,308,0,14
2,309,-3,14
2,310,-5,13
2,311,-8,12
2,312,-10,11
2,313,-12,9
2,314,-14,7
2,315,-15,4
2,316,-16,2
2,317,-16,-1
2,318,-16,-4
2,319,-15,-7
2,320,-14,-9
2,321,-12,-11
2,322,-10,-13
2,323,-8,-15
2,324,-5,-16
2,325,-2,-16
2,326,0,-16
2,327,3,-16
2,328,6,-15
2,329,8,-13
2,330,10,-11
2,331,12,-9
2,332,13,-7
2,333,14,-4
2,334,14,-1
2,335,14,2
2,336,13,4
2,337,12,7
2,338,10,9
2,339,8,11
2,340,6,12
2,341,3,13
2,342,1,14
2,343,-2,14
2,344,-5,14
2,345,-8,13
2,346,-10,12
2,347,-12,10
2,348,-14,7
2,349,-15,5
2,350,-16,2
2,351,-16,0
2,352,-16,-3
2,353,-15,-6
2,354,-14,-8
2,355,-13,-11
2,356,-11,-13
2,357,-8,-14
2,358,-6,-15
2,359,-3,-16
2,360,0,-16
2,361,2,-15
2,362,5,-15
2,363,7,-13
2,364,10,-11
2,365,11,-9
2,366,13,-7
2,367,13,-4
2,368,14,-1
2,369,14,2
2,370,13,4
2,371,12,7
2,372,10,9
2,373,8,11
2,374,6,13
2,375,3,14
2,376,1,14
2,377,-2,15
2,378,-5,14
2,379,-8,13
2,380,-10,12
2,381,-12,10
2,382,-14,8
2,383,-15,6
2,384,-16,3
2,385,-17,0
2,386,-17,-3
2,387,-16,-5
2,388,-15,-8
2,389,-13,-10
2,390,-11,-12
2,391,-9,-14
2,392,-6,-15
2,393,-4,-16
2,394,-1,-16
2,395,2,-15
2,396,4,-15
2,397,7,-13
2,398,9,-12
2,399,11,-9
2,400,12,-7
2,401,13,-4
2,402,14,-2
2,403,13,1
2,404,13,4
2,405,12,6
2,406,10,9
2,407,8,11
2,408,6,12
2,409,4,13
2,410,1,14
2,411,-2,14
2,412,-5,14
2,413,-7,13
2,414,-10,12
2,415,-12,10
2,416,-13,8
2,417,-15,6
2,418,-16,3
2,419,-16,0
2,420,-16,-3
2,421,-16,-5
2,422,-15,-8
2,423,-13,-10
2,424,-11,-12
2,425,-9,-14
2,426,-6,-15
2,427,-4,-16
2,428,-1,-16
2,429,2,-16
2,430,4,-15
2,431,7,-14
2,432,9,-12
2,433,11,-10
2,434,12,-7
2,435,13,-5
2,436,14,-2
2,437,14,1
2,438,13,4
2,439,12,6
2,440,11,8
2,441,9,11
2,442,7,12
2,443,4,13
2,444,2,14
2,445,-1,14
2,446,-4,14
2,447,-7,14
2,448,-9,12
2,449,-11,11
2,450,-13,9
2,451,-15,6
2,452,-16,4
2,453,-16,1
2,454,-16,-2
2,455,-16,-5
2,456,-15,-7
2,457,-13,-10
2,458,-12,-12
2,459,-9,-13
2,460,-7,-15
2,461,-4,-15
2,462,-2,-16
2,463,1,-15
2,464,4,-15
2,465,6,-14
2,466,9,-12
2,467,10,-10
2,468,12,-7
2,469,13,-5
2,470,13,-2
2,471,14,1
2,472,13,3
2,473,12,6
2,474,11,8
2,475,9,10
2,476,7,12
2,477,4,13
2,478,2,14
2,479,-1,15
2,480,-4,15
2,481,-7,14
2,482,-9,13
2,483,-11,11
2,484,-13,9
2,485,-15,7
2,486,-16,4
2,487,-17,1
2,488,-17,-1
2,489,-16,-4
2,490,-15,-7
2,491,-14,-9
2,492,-12,-11
2,493,-10,-13
2,494,-8,-14
2,495,-5,-15
2,496,-2,-16
2,497,1,-16
2,498,3,-15
2,499,6,-14
2,500,8,-12
2,501,10,-10
2,502,12,-8
2,503,13,-5
2,504,13,-3
2,505,14,0
2,506,13,3
2,507,12,6
2,508,11,8
2,509,9,10
2,510,7,12
2,511,5,13
2,512,2,14
2,513,-1,15
2,514,-4,14
2,515,-6,14
2,516,-9,13
2,517,-11,11
2,518,-13,9
2,519,-15,7
2,520,-16,4
2,521,-16,2
2,522,-17,-1
2,523,-16,-4
2,524,-15,-7
2,525,-14,-9
2,526,-12,-11
2,527,-10,-13
2,528,-8,-15
2,529,-5,-15
2,530,-2,-16
2,531,1,-16
2,532,3,-15
2,533,6,-14
2,534,8,-13
2,535,10,-11
2,536,12,-8
2,537,13,-6
2,538,14,-3
2,539,14,0
2,540,14,3
2,541,13,5
2,542,11,8
2,543,10,10
2,544,8,12
2,545,5,13
2,546,3,14
2,547,0,15
2,548,-3,15
2,549,-6,14
2,550,-8,13
2,551,-11,12
2,552,-13,10
2,553,-14,7
2,554,-16,5
2,555,-16,2
2,556,-17,-1
2,557,-16,-3
2,558,-16,-6
2,559,-14,-9
2,560,-13,-11
2,561,-10,-13
2,562,-8,-14
2,563,-5,-15
2,564,-3,-16
2,565,0,-16
2,566,3,-15
2,567,5,-14
2,568,8,-13
2,569,10,-11
2,570,12,-9
2,571,13,-6
2,572,14,-3
2,573,14,0
2,574,14,2
2,575,13,5
2,576,12,8
2,577,10,10
2,578,8,12
2,579,5,13
2,580,3,14
2,581,0,15
2,582,-3,15
2,583,-5,14
2,584,-8,13
2,585,-11,12
2,586,-13,10
2,587,-14,8
2,588,-16,5
2,589,-16,2
2,590,-17,0
2,591,-16,-3
2,592,-16,-6
2,593,-15,-8
2,594,-13,-11
2,595,-11,-13
2,596,-8,-14
2,597,-6,-15
2,598,-3,-16
2,599,0,-16
2,600,3,-15
2,601,5,-15
2,602,8,-13
2,603,10,-11
2,604,11,-9
2,605,13,-6
2,606,14,-4
2,607,14,-1
2,608,14,2
2,609,13,4
2,610,12,7
2,611,10,9
2,612,8,11
2,613,6,13
2,614,3,14
2,615,1,15
2,616,-2,15
2,617,-5,14
2,618,-7,13
2,619,-10,12
2,620,-12,10
2,621,-14,8
2,622,-15,5
2,623,-16,3
2,624,-16,0
2,625,-16,-3
2,626,-15,-5
2,627,-14,-8
2,628,-13,-10
2,629,-11,-12
2,630,-8,-14
2,631,-6,-15
2,632,-3,-15
2,633,0,-15
2,634,3,-15
2,635,5,-14
2,636,8,-13
2,637,10,-11
2,638,11,-9
2,639,13,-6
2,640,14,-4
2,641,14,-1
2,642,14,2
2,643,13,5
2,644,12,7
2,645,11,9
2,646,9,11
2,647,6,13
2,648,4,14
2,649,1,15
2,650,-2,15
2,651,-4,15
2,652,-7,14
2,653,-10,12
2,654,-12,11
2,655,-13,8
2,656,-15,6
2,657,-16,3
2,658,-16,1
2,659,-16,-2
2,660,-16,-5
2,661,-14,-7
2,662,-13,-10
2,663,-11,-12
2,664,-8,-13
2,665,-6,-15
2,666,-3,-15
2,667,0,-15
2,668,2,-15
2,669,5,-14
2,670,8,-13
2,671,10,-11
2,672,12,-9
2,673,13,-6
2,674,14,-4
2,675,14,-1
2,676,14,2
2,677,14,5
2,678,13,7
2,679,11,9
2,680,9,11
2,681,7,13
2,682,4,14
2,683,2,15
2,684,-1,15
2,685,-4,15
2,686,-7,14
2,687,-9,13
2,688,-11,11
2,689,-13,9
2,690,-15,7
2,691,-16,4
2,692,-16,1
2,693,-16,-2
2,694,-16,-4
2,695,-15,-7
2,696,-13,-10
2,697,-11,-12
2,698,-9,-13
2,699,-6,-14
2,700,-4,-15
2,701,-1,-15
2,702,2,-15
2,703,5,-14
2,704,7,-13
2,705,10,-11
2,706,11,-9
2,707,13,-7
2,708,14,-4
2,709,14,-2
2,710,14,1
2,711,14,4
2,712,13,7
2,713,11,9
2,714,10,11
2,715,7,13
2,716,5,14
2,717,2,15
2,718,-1,15
2,719,-4,15
2,720,-6,14
2,721,-9,13
2,722,-11,11
2,723,-13,9
2,724,-14,7
2,725,-15,4
2,726,-16,1
2,727,-16,-2
2,728,-16,-4
2,729,-15,-7
2,730,-13,-9
2,731,-11,-12
2,732,-9,-13
2,733,-6,-14
2,734,-4,-15
2,735,-1,-16
2,736,2,-15
2,737,5,-15
2,738,7,-13
2,739,9,-12
2,740,11,-10
2,741,13,-7
2,742,14,-5
2,743,15,-2
2,744,15,1
2,745,14,4
2,746,13,6
2,747,12,9
2,748,10,11
2,749,8,12
2,750,5,14
2,751,3,15
2,752,0,15
2,753,-3,15
2,754,-6,14
2,755,-8,13
2,756,-11,11
2,757,-13,9
2,758,-14,7
2,759,-15,4
2,760,-16,2
2,761,-16,-1
2,762,-16,-4
2,763,-15,-7
2,764,-14,-9
2,765,-12,-11
2,766,-9,-13
2,767,-7,-14
2,768,-4,-15
2,769,-1,-16
2,770,1,-15
2,771,4,-15
2,772,7,-14
2,773,9,-12
2,774,11,-10
2,775,12,-8
2,776,14,-5
2,777,14,-2
2,778,14,0
2,779,14,3
2,780,13,6
2,781,12,8
2,782,10,10
2,783,8,12
2,784,5,14
2,785,3,14
2,786,0,15
2,787,-3,15
2,788,-6,14
2,789,-8,13
2,790,-10,12
2,791,-12,10
2,792,-14,7
2,793,-15,5
2,794,-16,2
2,795,-16,-1
2,796,-16,-4
2,797,-15,-6
2,798,-14,-9
2,799,-12,-11
2,800,-10,-13
2,801,-7,-14
2,802,-5,-15
2,803,-2,-16
2,804,1,-16
2,805,4,-15
2,806,6,-14
2,807,9,-12
2,808,11,-10
2,809,12,-8
2,810,14,-5
2,811,14,-3
2,812,15,0
2,813,14,3
2,814,14,6
2,815,12,8
2,816,11,10
2,817,8,12
2,818,6,14
2,819,3,15
2,820,1,15
2,821,-2,15
2,822,-5,15
2,823,-8,14
2,824,-10,12
2,825,-12,10
2,826,-14,8
2,827,-15,5
2,828,-16,2
2,829,-16,0
2,830,-16,-3
2,831,-15,-6
2,832,-14,-8
2,833,-12,-11
2,834,-10,-12
2,835,-8,-14
2,836,-5,-15
2,837,-2,-15
2,838,1,-15
2,839,3,-15
2,840,6,-14
2,841,8,-12
2,842,10,-11
2,843,12,-8
2,844,13,-6
2,845,14,-3
2,846,14,0
2,847,14,3
2,848,14,5
2,849,12,8
2,850,11,10
2,851,9,12
2,852,6,13
2,853,3,14
2,854,1,15
2,855,-2,15
2,856,-5,14
2,857,-8,13
2,858,-10,12
2,859,-12,10
2,860,-14,8
2,861,-15,5
2,862,-16,3
2,863,-16,0
2,864,-16,-3
2,865,-15,-6
2,866,-14,-8
2,867,-13,-11
2,868,-11,-13
2,869,-8,-14
2,870,-5,-15
2,871,-3,-16
2,872,0,-16
2,873,3,-16
2,874,6,-15
2,875,8,-13
2,876,10,-11
2,877,12,-9
2,878,13,-7
2,879,14,-4
2,880,15,-1
2,881,15,2
2,882,14,4
2,883,13,7
2,884,11,9
2,885,9,11
2,886,7,13
2,887,4,14
2,888,2,14
2,889,-1,15
2,890,-4,14
2,891,-7,13
2,892,-9,12
2,893,-11,10
2,894,-13,8
2,895,-14,5
2,896,-15,3
2,897,-16,0
2,898,-16,-3
2,899,-15,-5
2,900,-14,-8
2,901,-13,-10
2,902,-11,-12
2,903,-9,-14
2,904,-6,-15
2,905,-4,-16
2,906,-1,-16
2,907,2,-16
2,908,4,-15
2,909,7,-14
2,910,9,-12
2,911,11,-10
2,912,12,-7
2,913,13,-5
2,914,14,-2
2,915,14,1
2,916,13,4
2,917,12,6
2,918,11,9
2,919,9,11
2,920,6,12
2,921,4,13
2,922,1,14
2,923,-2,14
2,924,-4,14
2,925,-7,13
2,926,-10,12
2,927,-12,11
2,928,-14,9
2,929,-15,6
2,930,-16,4
2,931,-17,1
2,932,-17,-2
2,933,-16,-5
2,934,-15,-7
2,935,-14,-10
2,936,-12,-12
2,937,-10,-13
2,938,-7,-15
2,939,-5,-15
2,940,-2,-16
2,941,1,-16
2,942,4,-15
2,943,6,-14
2,944,8,-12
2,945,10,-10
2,946,12,-8
2,947,13,-5
2,948,14,-2
2,949,14,0
2,950,13,3
2,951,12,6
2,952,11,8
2,953,9,10
2,954,7,12
2,955,4,13
2,956,2,14
2,957,-1,15
2,958,-4,14
2,959,-7,14
2,960,-9,13
2,961,-11,11
2,962,-13,9
2,963,-15,7
2,964,-16,4
2,965,-16,1
2,966,-17,-1
2,967,-16,-4
2,968,-15,-7
2,969,-14,-9
2,970,-12,-11
2,971,-10,-13
2,972,-7,-14
2,973,-5,-15
2,974,-2,-16
2,975,1,-16
2,976,4,-15
2,977,6,-14
2,978,8,-12
2,979,10,-10
2,980,12,-8
2,981,13,-5
2,982,14,-3
2,983,14,0
2,984,13,3
2,985,13,6
2,986,11,8
2,987,9,10
2,988,7,12
2,989,5,13
2,990,2,14
2,991,-1,15
2,992,-3,15
2,993,-6,14
2,994,-9,13
2,995,-11,11
2,996,-13,9
2,997,-14,7
2,998,-16,5
2,999,-16,2
2,1000,-16,-1
2,1001,-16,-4
2,1002,-15,-6
2,1003,-14,-9
2,1004,-12,-11
2,1005,-10,-13
2,1006,-8,-14
2,1007,-5,-15
2,1008,-2,-16
2,1009,1,-16
2,1010,3,-15
2,1011,6,-14
2,1012,8,-12
2,1013,10,-10
2,1014,12,-8
2,1015,13,-6
2,1016,14,-3
2,1017,14,0
2,1018,14,3
2,1019,13,5
2,1020,12,8
2,1021,10,10
2,1022,8,12
2,1023,5,13
3,0,7,19
3,1,2,21
3,2,-3,21
3,3,-8,19
3,4,-12,17
3,5,-16,13
3,6,-19,9
3,7,-21,4
3,8,-21,-1
3,9,-21,-6
3,10,-18,-11
3,11,-15,-15
3,12,-11,-18
3,13,-7,-20
3,14,-1,-21
3,15,4,-21
3,16,9,-20
3,17,13,-17
3,18,17,-13
3,19,19,-9
3,20,21,-4
3,21,21,1
3,22,20,7
3,23,18,11
3,24,14,15
3,25,10,18
3,26,5,20
3,27,0,21
3,28,-5,20
3,29,-10,19
3,30,-14,16
3,31,-17,12
3,32,-20,7
3,33,-21,2
3,34,-21,-3
3,35,-20,-8
3,36,-17,-13
3,37,-14,-16
3,38,-9,-19
3,39,-4,-21
3,40,1,-22
3,41,6,-21
3,42,10,-19
3,43,15,-16
3,44,18,-11
3,45,20,-7
3,46,21,-2
3,47,21,4
3,48,19,9
3,49,17,13
3,50,13,17
3,51,8,19
3,52,3,21
3,53,-2,21
3,54,-7,20
3,55,-12,18
3,56,-16,14
3,57,-18,10
3,58,-20,5
3,59,-21,0
3,60,-21,-5
3,61,-19,-10
3,62,-16,-14
3,63,-12,-18
3,64,-7,-20
3,65,-2,-21
3,66,3,-21
3,67,8,-20
3,68,12,-18
3,69,16,-14
3,70,19,-10
3,71,20,-5
3,72,21,0
3,73,20,6
3,74,18,10
3,75,15,14
3,76,11,18
3,77,6,20
3,78,1,21
3,79,-4,21
3,80,-9,19
3,81,-14,16
3,82,-17,13
3,83,-20,8
3,84,-21,3
3,85,-22,-2
3,86,-21,-7
3,87,-18,-12
3,88,-15,-16
3,89,-11,-19
3,90,-6,-21
3,91,-1,-22
3,92,4,-21
3,93,9,-20
3,94,14,-17
3,95,17,-13
3,96,19,-8
3,97,21,-3
3,98,21,2
3,99,19,7
3,100,17,12
3,101,13,16
3,102,9,18
3,103,4,20
3,104,-1,21
3,105,-6,20
3,106,-11,18
3,107,-15,15
3,108,-18,11
3,109,-20,6
3,110,-21,1
3,111,-21,-4
3,112,-19,-9
3,113,-17,-14
3,114,-13,-17
3,115,-8,-20
3,116,-3,-21
3,117,2,-21
3,118,7,-20
3,119,12,-18
3,120,16,-15
3,121,18,-10
3,122,20,-5
3,123,21,0
3,124,21,5
3,125,19,10
3,126,16,14
3,127,12,18
3,128,7,20
3,129,2,21
3,130,-3,21
3,131,-7,20
3,132,-12,17
3,133,-15,14
3,134,-18,9
3,135,-20,4
3,136,-20,-1
3,137,-19,-6
3,138,-17,-10
3,139,-14,-14
3,140,-10,-18
3,141,-5,-20
3,142,0,-21
3,143,5,-20
3,144,10,-19
3,145,14,-16
3,146,18,-12
3,147,20,-8
3,148,22,-3
3,149,22,2
3,150,21,7
3,151,19,12
3,152,15,16
3,153,11,19
3,154,7,21
3,155,2,21
3,156,-4,21
3,157,-8,19
3,158,-13,16
3,159,-16,12
3,160,-18,8
3,161,-20,3
3,162,-20,-2
3,163,-18,-7
3,164,-16,-12
3,165,-13,-15
3,166,-8,-18
3,167,-3,-20
3,168,2,-20
3,169,7,-20
3,170,11,-18
3,171,15,-14
3,172,19,-10
3,173,21,-6
3,174,22,-1
3,175,22,4
3,176,20,9
3,177,17,14
3,178,14,17
3,179,9,20
3,180,4,21
3,181,-1,21
3,182,-6,20
3,183,-10,18
3,184,-14,15
3,185,-17,10
3,186,-19,6
3,187,-20,1
3,188,-19,-4
3,189,-18,-9
3,190,-15,-13
3,191,-11,-17
3,192,-6,-19
3,193,-1,-20
3,194,4,-20
3,195,9,-19
3,196,13,-17
3,197,17,-13
3,198,19,-9
3,199,21,-4
3,200,22,1
3,201,21,6
3,202,19,11
3,203,16,15
3,204,12,18
3,205,7,20
3,206,2,21
3,207,-3,21
3,208,-8,19
3,209,-12,16
3,210,-16,13
3,211,-18,8
3,212,-20,3
3,213,-20,-2
3,214,-19,-7
3,215,-17,-11
3,216,-14,-15
3,217,-9,-18
3,218,-5,-20
3,219,1,-21
3,220,6,-20
3,221,10,-18
3,222,15,-16
3,223,18,-12
3,224,20,-7
3,225,22,-2
3,226,22,3
3,227,20,8
3,228,18,13
3,229,14,16
3,230,10,19
3,231,5,21
3,232,0,21
3,233,-5,20
3,234,-10,18
3,235,-14,15
3,236,-17,11
3,237,-19,6
3,238,-20,1
3,239,-20,-4
3,240,-18,-9
3,241,-16,-13
3,242,-12,-17
3,243,-8,-19
3,244,-3,-21
3,245,2,-21
3,246,8,-20
3,247,12,-18
3,248,16,-14
3,249,19,-10
3,250,21,-5
3,251,22,0
3,252,21,5
3,253,19,10
3,254,17,14
3,255,13,17
3,256,8,20
3,257,3,21
3,258,-2,21
3,259,-7,20
3,260,-11,17
3,261,-15,13
3,262,-18,9
3,263,-20,4
3,264,-20,-1
3,265,-19,-6
3,266,-17,-10
3,267,-14,-15
3,268,-10,-18
3,269,-6,-20
3,270,-1,-21
3,271,5,-21
3,272,9,-19
3,273,14,-16
3,274,17,-13
3,275,20,-8
3,276,21,-3
3,277,22,2
3,278,21,7
3,279,18,11
3,280,15,15
3,281,11,18
3,282,6,20
3,283,1,21
3,284,-4,20
3,285,-9,18
3,286,-13,16
3,287,-16,12
3,288,-19,7
3,289,-20,2
3,290,-20,-3
3,291,-19,-8
3,292,-16,-12
3,293,-13,-16
3,294,-8,-19
3,295,-4,-21
3,296,1,-21
3,297,6,-20
3,298,11,-18
3,299,15,-15
3,300,18,-11
3,301,21,-7
3,302,22,-1
3,303,21,4
3,304,20,9
3,305,17,13
3,306,14,16
3,307,9,19
3,308,4,20
3,309,-1,21
3,310,-6,20
3,311,-11,17
3,312,-15,14
3,313,-17,10
3,314,-19,5
3,315,-20,0
3,316,-20,-5
3,317,-18,-10
3,318,-15,-14
3,319,-11,-17
3,320,-6,-20
3,321,-1,-21
3,322,4,-21
3,323,9,-20
3,324,13,-17
3,325,17,-13
3,326,20,-9
3,327,21,-4
3,328,22,1
3,329,21,6
3,330,19,11
3,331,16,15
3,332,12,18
3,333,7,20
3,334,2,21
3,335,-3,21
3,336,-8,19
3,337,-12,16
3,338,-16,13
3,339,-18,8
3,340,-20,3
3,341,-20,-2
3,342,-19,-7
3,343,-17,-11
3,344,-14,-15
3,345,-9,-18
3,346,-5,-20
3,347,0,-21
3,348,5,-20
3,349,10,-18
3,350,14,-16
3,351,18,-12
3,352,20,-7
3,353,21,-2
3,354,21,3
3,355,20,8
3,356,17,13
3,357,14,16
3,358,9,19
3,359,5,21
3,360,-1,21
3,361,-6,20
3,362,-10,18
3,363,-14,15
3,364,-18,11
3,365,-20,6
3,366,-21,1
3,367,-21,-4
3,368,-19,-9
3,369,-16,-13
3,370,-13,-17
3,371,-8,-20
3,372,-3,-21
3,373,2,-21
3,374,7,-20
3,375,12,-18
3,376,16,-15
3,377,19,-10
3,378,21,-6
3,379,21,-1
3,380,21,5
3,381,19,9
3,382,16,14
3,383,12,17
3,384,8,19
3,385,3,21
3,386,-3,20
3,387,-8,19
3,388,-12,17
3,389,-16,13
3,390,-18,9
3,391,-20,4
3,392,-21,-1
3,393,-20,-6
3,394,-18,-11
3,395,-15,-15
3,396,-11,-18
3,397,-6,-21
3,398,-1,-22
3,399,4,-21
3,400,9,-20
3,401,14,-17
3,402,17,-13
3,403,20,-9
3,404,21,-4
3,405,21,1
3,406,20,6
3,407,18,11
3,408,15,15
3,409,11,18
3,410,6,19
3,411,1,20
3,412,-4,20
3,413,-9,18
3,414,-13,15
3,415,-17,11
3,416,-19,6
3,417,-20,1
3,418,-20,-4
3,419,-19,-9
3,420,-16,-13
3,421,-13,-17
3,422,-8,-19
3,423,-4,-21
3,424,2,-22
3,425,7,-21
3,426,11,-19
3,427,15,-16
3,428,19,-11
3,429,21,-7
3,430,22,-2
3,431,21,3
3,432,20,8
3,433,17,13
3,434,13,16
3,435,9,19
3,436,4,20
3,437,-1,20
3,438,-6,19
3,439,-11,17
3,440,-15,14
3,441,-18,10
3,442,-20,5
3,443,-20,0
3,444,-20,-5
3,445,-18,-10
3,446,-15,-14
3,447,-11,-18
3,448,-6,-20
3,449,-1,-21
3,450,4,-21
3,451,9,-20
3,452,13,-17
3,453,17,-14
3,454,19,-9
3,455,21,-5
3,456,22,0
3,457,21,5
3,458,19,10
3,459,16,14
3,460,11,17
3,461,7,19
3,462,2,20
3,463,-3,20
3,464,-8,18
3,465,-13,16
3,466,-16,12
3,467,-19,8
3,468,-20,3
3,469,-20,-3
3,470,-19,-8
3,471,-17,-12
3,472,-14,-16
3,473,-10,-19
3,474,-5,-21
3,475,0,-22
3,476,5,-21
3,477,10,-19
3,478,15,-16
3,479,18,-12
3,480,20,-8
3,481,22,-3
3,482,21,2
3,483,20,7
3,484,18,12
3,485,14,15
3,486,10,18
3,487,5,20
3,488,0,20
3,489,-5,20
3,490,-10,18
3,491,-14,14
3,492,-17,10
3,493,-20,6
3,494,-20,1
3,495,-20,-5
3,496,-19,-9
3,497,-16,-14
3,498,-12,-17
3,499,-8,-20
3,500,-3,-21
3,501,3,-22
3,502,8,-20
3,503,12,-18
3,504,16,-15
3,505,19,-11
3,506,21,-6
3,507,22,-1
3,508,21,4
3,509,19,9
3,510,16,13
3,511,12,17
3,512,8,19
3,513,3,20
3,514,-2,20
3,515,-7,19
3,516,-12,17
3,517,-16,13
3,518,-18,9
3,519,-20,4
3,520,-21,-1
3,521,-20,-6
3,522,-18,-11
3,523,-15,-15
3,524,-11,-18
3,525,-6,-20
3,526,-1,-21
3,527,4,-21
3,528,9,-20
3,529,14,-17
3,530,17,-13
3,531,20,-9
3,532,21,-4
3,533,21,1
3,534,20,6
3,535,18,11
3,536,15,15
3,537,10,18
3,538,6,20
3,539,1,20
3,540,-4,20
3,541,-9,18
3,542,-13,15
3,543,-17,11
3,544,-19,6
3,545,-21,1
3,546,-20,-4
3,547,-19,-9
3,548,-17,-13
3,549,-13,-17
3,550,-9,-20
3,551,-4,-21
3,552,1,-22
3,553,6,-21
3,554,11,-19
3,555,15,-16
3,556,18,-12
3,557,21,-7
3,558,22,-2
3,559,21,3
3,560,20,8
3,561,17,12
3,562,13,16
3,563,9,19
3,564,4,20
3,565,-1,20
3,566,-6,19
3,567,-11,17
3,568,-15,14
3,569,-18,9
3,570,-20,5
3,571,-20,0
3,572,-20,-5
3,573,-18,-10
3,574,-15,-14
3,575,-11,-18
3,576,-6,-20
3,577,-1,-21
3,578,4,-21
3,579,9,-20
3,580,13,-17
3,581,17,-14
3,582,20,-9
3,583,21,-5
3,584,22,1
3,585,21,6
3,586,19,10
3,587,16,14
3,588,11,18
3,589,7,20
3,590,2,21
3,591,-4,20
3,592,-9,19
3,593,-13,16
3,594,-16,12
3,595,-19,8
3,596,-21,3
3,597,-21,-2
3,598,-20,-7
3,599,-17,-12
3,600,-14,-16
3,601,-10,-19
3,602,-5,-21
3,603,0,-21
3,604,5,-21
3,605,10,-19
3,606,14,-16
3,607,18,-12
3,608,20,-7
3,609,21,-3
3,610,21,3
3,611,20,8
3,612,17,12
3,613,14,16
3,614,9,18
3,615,4,20
3,616,-1,21
3,617,-6,20
3,618,-11,18
3,619,-15,15
3,620,-18,10
3,621,-20,6
3,622,-21,1
3,623,-21,-5
3,624,-19,-10
3,625,-16,-14
3,626,-13,-18
3,627,-8,-20
3,628,-3,-22
3,629,2,-22
3,630,7,-21
3,631,12,-19
3,632,16,-15
3,633,19,-11
3,634,21,-6
3,635,21,-1
3,636,21,4
3,637,19,9
3,638,16,13
3,639,12,16
3,640,7,19
3,641,2,20
3,642,-3,20
3,643,-8,19
3,644,-12,16
3,645,-16,13
3,646,-19,8
3,647,-20,4
3,648,-21,-2
3,649,-20,-7
3,650,-18,-11
3,651,-15,-15
3,652,-11,-19
3,653,-6,-21
3,654,-1,-22
3,655,4,-22
3,656,9,-20
3,657,14,-17
3,658,17,-14
3,659,20,-9
3,660,21,-4
3,661,21,1
3,662,20,6
3,663,18,11
3,664,15,15
3,665,10,18
3,666,6,19
3,667,0,20
3,668,-5,20
3,669,-10,18
3,670,-14,15
3,671,-17,11
3,672,-20,6
3,673,-21,1
3,674,-21,-4
3,675,-19,-9
3,676,-17,-13
3,677,-13,-17
3,678,-9,-20
3,679,-4,-22
3,680,1,-22
3,681,6,-21
3,682,11,-19
3,683,15,-16
3,684,18,-12
3,685,21,-7
3,686,22,-2
3,687,21,3
3,688,20,8
3,689,17,12
3,690,13,16
3,691,8,18
3,692,3,20
3,693,-2,20
3,694,-7,19
3,695,-12,17
3,696,-15,14
3,697,-18,9
3,698,-20,4
3,699,-21,-1
3,700,-20,-6
3,701,-19,-11
3,702,-16,-15
3,703,-12,-18
3,704,-7,-21
3,705,-2,-22
3,706,3,-22
3,707,8,-21
3,708,13,-18
3,709,17,-14
3,710,19,-10
3,711,21,-5
3,712,22,0
3,713,21,5
3,714,19,10
3,715,15,14
3,716,11,17
3,717,7,19
3,718,1,20
3,719,-4,20
3,720,-9,18
3,721,-13,16
3,722,-17,12
3,723,-19,7
3,724,-21,2
3,725,-21,-3
3,726,-20,-8
3,727,-18,-12
3,728,-14,-16
3,729,-10,-19
3,730,-5,-21
3,731,0,-22
3,732,5,-21
3,733,10,-20
3,734,14,-17
3,735,18,-13
3,736,20,-8
3,737,21,-3
3,738,21,2
3,739,20,7
3,740,17,12
3,741,14,15
3,742,9,18
3,743,4,20
3,744,-1,21
3,745,-6,20
3,746,-11,18
3,747,-15,15
3,748,-18,10
3,749,-20,6
3,750,-21,0
3,751,-21,-5
3,752,-19,-10
3,753,-17,-14
3,754,-13,-18
3,755,-8,-20
3,756,-3,-22
3,757,2,-22
3,758,7,-21
3,759,12,-19
3,760,16,-15
3,761,19,-11
3,762,21,-6
3,763,21,-1
3,764,21,4
3,765,19,9
3,766,16,13
3,767,12,16
3,768,7,19
3,769,2,20
3,770,-3,20
3,771,-8,19
3,772,-13,16
3,773,-16,13
3,774,-19,8
3,775,-21,3
3,776,-21,-2
3,777,-20,-7
3,778,-18,-12
3,779,-15,-16
3,780,-11,-19
3,781,-6,-21
3,782,-1,-22
3,783,4,-22
3,784,9,-20
3,785,13,-18
3,786,17,-14
3,787,20,-9
3,788,21,-4
3,789,21,1
3,790,20,6
3,791,18,11
3,792,15,15
3,793,10,17
3,794,5,19
3,795,0,20
3,796,-5,20
3,797,-10,18
3,798,-14,15
3,799,-17,11
3,800,-20,6
3,801,-21,1
3,802,-21,-4
3,803,-19,-9
3,804,-17,-13
3,805,-13,-17
3,806,-9,-20
3,807,-4,-22
3,808,1,-22
3,809,6,-21
3,810,11,-19
3,811,15,-16
3,812,18,-12
3,813,21,-7
3,814,21,-2
3,815,21,3
3,816,19,8
3,817,17,12
3,818,13,16
3,819,8,19
3,820,3,20
3,821,-2,20
3,822,-7,19
3,823,-12,17
3,824,-16,14
3,825,-19,9
3,826,-21,4
3,827,-21,-1
3,828,-21,-6
3,829,-19,-11
3,830,-16,-15
3,831,-12,-18
3,832,-7,-21
3,833,-2,-22
3,834,3,-22
3,835,8,-21
3,836,13,-18
3,837,17,-15
3,838,19,-10
3,839,21,-5
3,840,22,0
3,841,21,5
3,842,19,10
3,843,15,14
3,844,11,17
3,845,6,19
3,846,1,20
3,847,-4,20
3,848,-9,18
3,849,-13,16
3,850,-17,12
3,851,-20,7
3,852,-21,2
3,853,-21,-3
3,854,-20,-8
3,855,-18,-13
3,856,-14,-17
3,857,-10,-20
3,858,-5,-22
3,859,0,-22
3,860,5,-22
3,861,10,-20
3,862,14,-17
3,863,18,-13
3,864,20,-8
3,865,22,-3
3,866,21,2
3,867,20,7
3,868,17,12
3,869,14,16
3,870,9,18
3,871,4,20
3,872,-1,21
3,873,-6,20
3,874,-11,18
3,875,-15,15
3,876,-18,11
3,877,-20,6
3,878,-21,1
3,879,-21,-4
3,880,-19,-9
3,881,-17,-14
3,882,-13,-18
3,883,-9,-20
3,884,-4,-22
3,885,2,-22
3,886,7,-21
3,887,11,-19
3,888,15,-15
3,889,18,-11
3,890,20,-6
3,891,21,-1
3,892,20,4
3,893,18,9
3,894,15,13
3,895,11,17
3,896,6,19
3,897,1,20
3,898,-3,20
3,899,-8,19
3,900,-13,17
3,901,-16,13
3,902,-19,9
3,903,-21,4
3,904,-21,-1
3,905,-20,-6
3,906,-18,-11
3,907,-15,-15
3,908,-11,-18
3,909,-6,-20
3,910,-1,-21
3,911,4,-21
3,912,9,-19
3,913,13,-17
3,914,17,-13
3,915,19,-8
3,916,21,-3
3,917,21,2
3,918,20,7
3,919,18,12
3,920,14,16
3,921,10,19
3,922,5,20
3,923,0,21
3,924,-5,21
3,925,-10,19
3,926,-14,16
3,927,-17,12
3,928,-20,7
3,929,-21,2
3,930,-21,-3
3,931,-20,-8
3,932,-17,-12
3,933,-14,-16
3,934,-9,-19
3,935,-5,-21
3,936,0,-21
3,937,6,-21
3,938,10,-18
3,939,14,-15
3,940,18,-11
3,941,20,-7
3,942,21,-1
3,943,21,4
3,944,19,9
3,945,16,13
3,946,13,17
3,947,8,19
3,948,3,21
3,949,-2,21
3,950,-7,20
3,951,-12,18
3,952,-16,14
3,953,-18,10
3,954,-20,5
3,955,-21,0
3,956,-21,-5
3,957,-19,-10
3,958,-16,-14
3,959,-12,-17
3,960,-7,-20
3,961,-2,-21
3,962,3,-21
3,963,8,-20
3,964,12,-17
3,965,16,-14
3,966,19,-10
3,967,21,-5
3,968,21,0
3,969,20,6
3,970,18,10
3,971,15,14
3,972,11,18
3,973,6,20
3,974,1,21
3,975,-4,21
3,976,-9,19
3,977,-13,16
3,978,-17,13
3,979,-19,8
3,980,-21,3
3,981,-21,-2
3,982,-20,-7
3,983,-18,-12
3,984,-14,-15
3,985,-10,-18
3,986,-5,-20
3,987,0,-21
3,988,5,-21
3,989,10,-19
3,990,14,-16
3,991,17,-12
3,992,20,-7
3,993,21,-2
3,994,21,3
3,995,19,8
3,996,17,12
3,997,13,16
3,998,9,19
3,999,4,21
3,1000,-1,21
3,1001,-6,20
3,1002,-11,18
3,1003,-15,15
3,1004,-18,11
3,1005,-20,6
3,1006,-21,1
3,1007,-21,-4
3,1008,-19,-9
3,1009,-17,-13
3,1010,-13,-17
3,1011,-9,-20
3,1012,-4,-21
3,1013,2,-21
3,1014,7,-20
3,1015,11,-18
3,1016,15,-15
3,1017,18,-11
3,1018,20,-6
3,1019,21,-1
3,1020,20,4
3,1021,19,9
3,1022,16,14
3,1023,12,17
