sample_idx,baseband_i,baseband_q
0,0,0
1,0,0
2,0,0
3,0,0
4,0,0
5,0,0
6,0,0
7,-1,-1
8,0,-1
9,0,-1
10,0,0
11,-1,0
12,1,-1
13,0,1
14,-2,-1
15,6,-4
16,-5,7
17,-3,-7
18,18,-4
19,-24,19
20,9,-28
21,33,9
22,-70,35
23,56,-89
24,95,20
25,-72,68
26,210,-131
27,448,-14
28,451,23
29,691,-145
30,787,-105
31,924,-187
32,1139,-234
33,1108,-169
34,1259,-235
35,1427,-206
36,1529,-221
37,1696,-219
38,1688,-142
39,1785,-215
40,1878,-203
41,1909,-233
42,2119,-304
43,2185,-244
44,2201,-309
45,2190,-308
46,2150,-264
47,2310,-307
48,2294,-269
49,2251,-319
50,2307,-322
51,2212,-275
52,2248,-320
53,2233,-267
54,2148,-326
55,2180,-383
56,2088,-318
57,2046,-351
58,1961,-271
59,1832,-248
60,1828,-299
61,1673,-215
62,1616,-241
63,1547,-194
64,1316,-125
65,1301,-157
66,1208,-100
67,1091,-147
68,1018,-115
69,758,-25
70,608,-99
71,446,-81
72,307,-70
73,224,-17
74,7,50
75,-17,-8
76,-134,59
77,-382,22
78,-450,-19
79,-625,111
80,-745,108
81,-893,177
82,-1086,217
83,-1070,164
84,-1219,223
85,-1382,195
86,-1489,212
87,-1655,209
88,-1647,133
89,-1745,205
90,-1837,193
91,-1868,224
92,-2078,293
93,-2144,233
94,-2160,300
95,-2148,298
96,-2109,253
97,-2269,296
98,-2254,259
99,-2211,309
100,-2266,312
101,-2172,265
102,-2207,310
103,-2192,257
104,-2107,316
105,-2139,373
106,-2047,308
107,-2005,340
108,-1920,260
109,-1792,237
110,-1787,288
111,-1633,205
112,-1575,230
113,-1507,184
114,-1276,116
115,-1259,147
116,-1167,90
117,-1050,136
118,-977,104
119,-717,13
120,-568,88
121,-405,71
122,-265,60
123,-184,7
124,34,-62
125,58,-3
126,175,-69
127,422,-33
128,490,8
129,666,-122
130,787,-118
131,935,-187
132,1128,-228
133,1111,-175
134,1260,-234
135,1424,-205
136,1530,-222
137,1695,-218
138,1688,-142
139,1785,-216
140,1878,-203
141,1909,-233
142,2119,-304
143,2185,-244
144,2201,-309
145,2190,-308
146,2150,-264
147,2310,-307
148,2294,-269
149,2251,-319
150,2307,-322
151,2212,-275
152,2248,-320
153,2233,-267
154,2148,-326
155,2180,-383
156,2088,-318
157,2046,-351
158,1961,-271
159,1832,-248
160,1828,-299
161,1673,-215
162,1616,-241
163,1547,-194
164,1316,-125
165,1301,-157
166,1208,-100
167,1091,-147
168,1018,-115
169,758,-25
170,608,-99
171,446,-81
172,307,-70
173,224,-17
174,7,50
175,-17,-8
176,-134,59
177,-382,22
178,-450,-19
179,-625,111
180,-745,108
181,-893,177
182,-1086,217
183,-1070,164
184,-1219,223
185,-1382,195
186,-1489,212
187,-1655,209
188,-1647,133
189,-1745,205
190,-1837,193
191,-1868,224
192,-2078,293
193,-2144,233
194,-2160,300
195,-2148,298
196,-2109,253
197,-2269,296
198,-2254,259
199,-2211,309
200,-2266,312
201,-2172,265
202,-2207,310
203,-2192,257
204,-2107,316
205,-2139,373
206,-2047,308
207,-2005,340
208,-1920,260
209,-1792,237
210,-1787,288
211,-1633,205
212,-1575,230
213,-1507,184
214,-1276,116
215,-1259,147
216,-1167,90
217,-1050,136
218,-977,104
219,-717,13
220,-568,88
221,-405,71
222,-265,60
223,-184,7
224,34,-62
225,58,-3
226,175,-69
227,422,-33
228,490,8
229,666,-122
230,787,-118
231,935,-187
232,1128,-228
233,1111,-175
234,1260,-234
235,1424,-205
236,1530,-222
237,1695,-218
238,1688,-142
239,1785,-216
240,1878,-203
241,1909,-233
242,2119,-304
243,2185,-244
244,2201,-309
245,2190,-308
246,2150,-264
247,2310,-307
248,2294,-269
249,2251,-319
250,2307,-322
251,2212,-275
252,2248,-320
253,2233,-267
254,2148,-326
255,2180,-383
256,2088,-318
257,2046,-351
258,1961,-271
259,1832,-248
260,1828,-299
261,1673,-215
262,1616,-241
263,1547,-194
264,1316,-125
265,1301,-157
266,1208,-100
267,1091,-147
268,1018,-115
269,758,-25
270,608,-99
271,446,-81
272,307,-70
273,224,-17
274,7,50
275,-17,-8
276,-134,59
277,-382,22
278,-450,-19
279,-625,111
280,-745,108
281,-893,177
282,-1086,217
283,-1070,164
284,-1219,223
285,-1382,195
286,-1489,212
287,-1655,209
288,-1647,133
289,-1745,205
290,-1837,193
291,-1868,224
292,-2078,293
293,-2144,233
294,-2160,300
295,-2148,298
296,-2109,253
297,-2269,296
298,-2254,259
299,-2211,309
300,-2266,312
301,-2172,265
302,-2207,310
303,-2192,257
304,-2107,316
305,-2139,373
306,-2047,308
307,-2005,340
308,-1920,260
309,-1792,237
310,-1787,288
311,-1633,205
312,-1575,230
313,-1507,184
314,-1276,116
315,-1259,147
316,-1167,90
317,-1050,136
318,-977,104
319,-717,13
320,-568,88
321,-405,71
322,-265,60
323,-184,7
324,34,-62
325,58,-3
326,175,-69
327,422,-33
328,490,8
329,666,-122
330,787,-118
331,935,-187
332,1128,-228
333,1111,-175
334,1260,-234
335,1424,-205
336,1530,-222
337,1695,-218
338,1688,-142
339,1785,-216
340,1878,-203
341,1909,-233
342,2119,-304
343,2185,-244
344,2201,-309
345,2190,-308
346,2150,-264
347,2310,-307
348,2294,-269
349,2251,-319
350,2307,-322
351,2212,-275
352,2248,-320
353,2233,-267
354,2148,-326
355,2180,-383
356,2088,-318
357,2046,-351
358,1961,-271
359,1832,-248
360,1828,-299
361,1673,-215
362,1616,-241
363,1547,-194
364,1316,-125
365,1301,-157
366,1208,-100
367,1091,-147
368,1018,-115
369,758,-25
370,608,-99
371,446,-81
372,307,-70
373,224,-17
374,7,50
375,-17,-8
376,-134,59
377,-382,22
378,-450,-19
379,-625,111
380,-745,108
381,-893,177
382,-1086,217
383,-1070,164
384,-1219,223
385,-1382,195
386,-1489,212
387,-1655,209
388,-1647,133
389,-1745,205
390,-1837,193
391,-1868,224
392,-2078,293
393,-2144,233
394,-2160,300
395,-2148,298
396,-2109,253
397,-2269,296
398,-2254,259
399,-2211,309
400,-2266,312
401,-2172,265
402,-2207,310
403,-2192,257
404,-2107,316
405,-2139,373
406,-2047,308
407,-2005,340
408,-1920,260
409,-1792,237
410,-1787,288
411,-1633,205
412,-1575,230
413,-1507,184
414,-1276,116
415,-1259,147
416,-1167,90
417,-1050,136
418,-977,104
419,-717,13
420,-568,88
421,-405,71
422,-265,60
423,-184,7
424,34,-62
425,58,-3
426,175,-69
427,422,-33
428,490,8
429,666,-122
430,787,-118
431,935,-187
432,1128,-228
433,1111,-175
434,1260,-234
435,1424,-205
436,1530,-222
437,1695,-218
438,1688,-142
439,1785,-216
440,1878,-203
441,1909,-233
442,2119,-304
443,2185,-244
444,2201,-309
445,2190,-308
446,2150,-264
447,2310,-307
448,2294,-269
449,2251,-319
450,2307,-322
451,2212,-275
452,2248,-320
453,2233,-267
454,2148,-326
455,2180,-383
456,2088,-318
457,2046,-351
458,1961,-271
459,1832,-248
460,1828,-299
461,1673,-215
462,1616,-241
463,1547,-194
464,1316,-125
465,1301,-157
466,1208,-100
467,1091,-147
468,1018,-115
469,758,-25
470,608,-99
471,446,-81
472,307,-70
473,224,-17
474,7,50
475,-17,-8
476,-134,59
477,-382,22
478,-450,-19
479,-625,111
480,-745,108
481,-893,177
482,-1086,217
483,-1070,164
484,-1219,223
485,-1382,195
486,-1489,212
487,-1655,209
488,-1647,133
489,-1745,205
490,-1837,193
491,-1868,224
492,-2078,293
493,-2144,233
494,-2160,300
495,-2148,298
496,-2109,253
497,-2269,296
498,-2254,259
499,-2211,309
500,-2266,312
501,-2172,265
502,-2207,310
503,-2192,257
504,-2107,316
505,-2139,373
506,-2047,308
507,-2005,340
508,-1920,260
509,-1792,237
510,-1787,288
511,-1633,205
512,-1575,230
513,-1507,184
514,-1276,116
515,-1259,147
516,-1167,90
517,-1050,136
518,-977,104
519,-717,13
520,-568,88
521,-405,71
522,-265,60
523,-184,7
524,34,-62
525,58,-3
526,175,-69
527,422,-33
528,490,8
529,666,-122
530,787,-118
531,935,-187
532,1128,-228
533,1111,-175
534,1260,-234
535,1424,-205
536,1530,-222
537,1695,-218
538,1688,-142
539,1785,-216
540,1878,-203
541,1909,-233
542,2119,-304
543,2185,-244
544,2201,-309
545,2190,-308
546,2150,-264
547,2310,-307
548,2294,-269
549,2251,-319
550,2307,-322
551,2212,-275
552,2248,-320
553,2233,-267
554,2148,-326
555,2180,-383
556,2088,-318
557,2046,-351
558,1961,-271
559,1832,-248
560,1828,-299
561,1673,-215
562,1616,-241
563,1547,-194
564,1316,-125
565,1301,-157
566,1208,-100
567,1091,-147
568,1018,-115
569,758,-25
570,608,-99
571,446,-81
572,307,-70
573,224,-17
574,7,50
575,-17,-8
576,-134,59
577,-382,22
578,-450,-19
579,-625,111
580,-745,108
581,-893,177
582,-1086,217
583,-1070,164
584,-1219,223
585,-1382,195
586,-1489,212
587,-1655,209
588,-1647,133
589,-1745,205
590,-1837,193
591,-1868,224
592,-2078,293
593,-2144,233
594,-2160,300
595,-2148,298
596,-2109,253
597,-2269,296
598,-2254,259
599,-2211,309
600,-2266,312
601,-2172,265
602,-2207,310
603,-2192,257
604,-2107,316
605,-2139,373
606,-2047,308
607,-2005,340
608,-1920,260
609,-1792,237
610,-1787,288
611,-1633,205
612,-1575,230
613,-1507,184
614,-1276,116
615,-1259,147
616,-1167,90
617,-1050,136
618,-977,104
619,-717,13
620,-568,88
621,-405,71
622,-265,60
623,-184,7
624,34,-62
625,58,-3
626,175,-69
627,422,-33
628,490,8
629,666,-122
630,787,-118
631,935,-187
632,1128,-228
633,1111,-175
634,1260,-234
635,1424,-205
636,1530,-222
637,1695,-218
638,1688,-142
639,1785,-216
640,1878,-203
641,1909,-233
642,2119,-304
643,2185,-244
644,2201,-309
645,2190,-308
646,2150,-264
647,2310,-307
648,2294,-269
649,2251,-319
650,2307,-322
651,2212,-275
652,2248,-320
653,2233,-267
654,2148,-326
655,2180,-383
656,2088,-318
657,2046,-351
658,1961,-271
659,1832,-248
660,1828,-299
661,1673,-215
662,1616,-241
663,1547,-194
664,1316,-125
665,1301,-157
666,1208,-100
667,1091,-147
668,1018,-115
669,758,-25
670,608,-99
671,446,-81
672,307,-70
673,224,-17
674,7,50
675,-17,-8
676,-134,59
677,-382,22
678,-450,-19
679,-625,111
680,-745,108
681,-893,177
682,-1086,217
683,-1070,164
684,-1219,223
685,-1382,195
686,-1489,212
687,-1655,209
688,-1647,133
689,-1745,205
690,-1837,193
691,-1868,224
692,-2078,293
693,-2144,233
694,-2160,300
695,-2148,298
696,-2109,253
697,-2269,296
698,-2254,259
699,-2211,309
700,-2266,312
701,-2172,265
702,-2207,310
703,-2192,257
704,-2107,316
705,-2139,373
706,-2047,308
707,-2005,340
708,-1920,260
709,-1792,237
710,-1787,288
711,-1633,205
712,-1575,230
713,-1507,184
714,-1276,116
715,-1259,147
716,-1167,90
717,-1050,136
718,-977,104
719,-717,13
720,-568,88
721,-405,71
722,-265,60
723,-184,7
724,34,-62
725,58,-3
726,175,-69
727,422,-33
728,490,8
729,666,-122
730,787,-118
731,935,-187
732,1128,-228
733,1111,-175
734,1260,-234
735,1424,-205
736,1530,-222
737,1695,-218
738,1688,-142
739,1785,-216
740,1878,-203
741,1909,-233
742,2119,-304
743,2185,-244
744,2201,-309
745,2190,-308
746,2150,-264
747,2310,-307
748,2294,-269
749,2251,-319
750,2307,-322
751,2212,-275
752,2248,-320
753,2233,-267
754,2148,-326
755,2180,-383
756,2088,-318
757,2046,-351
758,1961,-271
759,1832,-248
760,1828,-299
761,1673,-215
762,1616,-241
763,1547,-194
764,1316,-125
765,1301,-157
766,1208,-100
767,1091,-147
768,1018,-115
769,758,-25
770,608,-99
771,446,-81
772,307,-70
773,224,-17
774,7,50
775,-17,-8
776,-134,59
777,-382,22
778,-450,-19
779,-625,111
780,-745,108
781,-893,177
782,-1086,217
783,-1070,164
784,-1219,223
785,-1382,195
786,-1489,212
787,-1655,209
788,-1647,133
789,-1745,205
790,-1837,193
791,-1868,224
792,-2078,293
793,-2144,233
794,-2160,300
795,-2148,298
796,-2109,253
797,-2269,296
798,-2254,259
799,-2211,309
800,-2266,312
801,-2172,265
802,-2207,310
803,-2192,257
804,-2107,316
805,-2139,373
806,-2047,308
807,-2005,340
808,-1920,260
809,-1792,237
810,-1787,288
811,-1633,205
812,-1575,230
813,-1507,184
814,-1276,116
815,-1259,147
816,-1167,90
817,-1050,136
818,-977,104
819,-717,13
820,-568,88
821,-405,71
822,-265,60
823,-184,7
824,34,-62
825,58,-3
826,175,-69
827,422,-33
828,490,8
829,666,-122
830,787,-118
831,935,-187
832,1128,-228
833,1111,-175
834,1260,-234
835,1424,-205
836,1530,-222
837,1695,-218
838,1688,-142
839,1785,-216
840,1878,-203
841,1909,-233
842,2119,-304
843,2185,-244
844,2201,-309
845,2190,-308
846,2150,-264
847,2310,-307
848,2294,-269
849,2251,-319
850,2307,-322
851,2212,-275
852,2248,-320
853,2233,-267
854,2148,-326
855,2180,-383
856,2088,-318
857,2046,-351
858,1961,-271
859,1832,-248
860,1828,-299
861,1673,-215
862,1616,-241
863,1547,-194
864,1316,-125
865,1301,-157
866,1208,-100
867,1091,-147
868,1018,-115
869,758,-25
870,608,-99
871,446,-81
872,307,-70
873,224,-17
874,7,50
875,-17,-8
876,-134,59
877,-382,22
878,-450,-19
879,-625,111
880,-745,108
881,-893,177
882,-1086,217
883,-1070,164
884,-1219,223
885,-1382,195
886,-1489,212
887,-1655,209
888,-1647,133
889,-1745,205
890,-1837,193
891,-1868,224
892,-2078,293
893,-2144,233
894,-2160,300
895,-2148,298
896,-2109,253
897,-2269,296
898,-2254,259
899,-2211,309
900,-2266,312
901,-2172,265
902,-2207,310
903,-2192,257
904,-2107,316
905,-2139,373
906,-2047,308
907,-2005,340
908,-1920,260
909,-1792,237
910,-1787,288
911,-1633,205
912,-1575,230
913,-1507,184
914,-1276,116
915,-1259,147
916,-1167,90
917,-1050,136
918,-977,104
919,-717,13
920,-568,88
921,-405,71
922,-265,60
923,-184,7
924,34,-62
925,58,-3
926,175,-69
927,422,-33
928,490,8
929,666,-122
930,787,-118
931,935,-187
932,1128,-228
933,1111,-175
934,1260,-234
935,1424,-205
936,1530,-222
937,1695,-218
938,1688,-142
939,1785,-216
940,1878,-203
941,1909,-233
942,2119,-304
943,2185,-244
944,2201,-309
945,2190,-308
946,2150,-264
947,2310,-307
948,2294,-269
949,2251,-319
950,2307,-322
951,2212,-275
952,2248,-320
953,2233,-267
954,2148,-326
955,2180,-383
956,2088,-318
957,2046,-351
958,1961,-271
959,1832,-248
960,1828,-299
961,1673,-215
962,1616,-241
963,1547,-194
964,1316,-125
965,1301,-157
966,1208,-100
967,1091,-147
968,1018,-115
969,758,-25
970,608,-99
971,446,-81
972,307,-70
973,224,-17
974,7,50
975,-17,-8
976,-134,59
977,-382,22
978,-450,-19
979,-625,111
980,-745,108
981,-893,177
982,-1086,217
983,-1070,164
984,-1219,223
985,-1382,195
986,-1489,212
987,-1655,209
988,-1647,133
989,-1745,205
990,-1837,193
991,-1868,224
992,-2078,293
993,-2144,233
994,-2160,300
995,-2148,298
996,-2109,253
997,-2269,296
998,-2254,259
999,-2211,309
1000,-2266,312
1001,-2172,265
1002,-2207,310
1003,-2192,257
1004,-2107,316
1005,-2139,373
1006,-2047,308
1007,-2005,340
1008,-1920,260
1009,-1792,237
1010,-1787,288
1011,-1633,205
1012,-1575,230
1013,-1507,184
1014,-1276,116
1015,-1259,147
1016,-1167,90
1017,-1050,136
1018,-977,104
1019,-717,13
1020,-568,88
1021,-405,71
1022,-265,60
1023,-184,7
1024,34,-62
1025,58,-3
1026,175,-69
1027,422,-33
1028,490,8
1029,666,-122
1030,787,-118
1031,935,-187
1032,1128,-228
1033,1111,-175
1034,1260,-234
1035,1424,-205
1036,1530,-222
1037,1695,-218
1038,1688,-142
1039,1785,-216
1040,1878,-203
1041,1909,-233
1042,2119,-304
1043,2185,-244
1044,2201,-309
1045,2190,-308
1046,2150,-264
1047,2310,-307
1048,2294,-269
1049,2251,-319
1050,2307,-322
1051,2212,-275
1052,2248,-320
1053,2233,-267
1054,2148,-326
1055,2180,-383
1056,2088,-318
1057,2046,-351
1058,1961,-271
1059,1832,-248
1060,1828,-299
1061,1673,-215
1062,1616,-241
1063,1547,-194
1064,1316,-125
1065,1301,-157
1066,1208,-100
1067,1091,-147
1068,1018,-115
1069,758,-25
1070,608,-99
1071,446,-81
1072,307,-70
1073,224,-17
1074,7,50
1075,-17,-8
1076,-134,59
1077,-382,22
1078,-450,-19
1079,-625,111
1080,-745,108
1081,-893,177
1082,-1086,217
1083,-1070,164
1084,-1219,223
1085,-1382,195
1086,-1489,212
1087,-1655,209
1088,-1647,133
1089,-1745,205
1090,-1837,193
1091,-1868,224
1092,-2078,293
1093,-2144,233
1094,-2160,300
1095,-2148,298
1096,-2109,253
1097,-2269,296
1098,-2254,259
1099,-2211,309
1100,-2266,312
1101,-2172,265
1102,-2207,310
1103,-2192,257
1104,-2107,316
1105,-2139,373
1106,-2047,308
1107,-2005,340
1108,-1920,260
1109,-1792,237
1110,-1787,288
1111,-1633,205
1112,-1575,230
1113,-1507,184
1114,-1276,116
1115,-1259,147
1116,-1167,90
1117,-1050,136
1118,-977,104
1119,-717,13
1120,-568,88
1121,-405,71
1122,-265,60
1123,-184,7
1124,34,-62
1125,58,-3
1126,175,-69
1127,422,-33
1128,490,8
1129,666,-122
1130,787,-118
1131,935,-187
1132,1128,-228
1133,1111,-175
1134,1260,-234
1135,1424,-205
1136,1530,-222
1137,1695,-218
1138,1688,-142
1139,1785,-216
1140,1878,-203
1141,1909,-233
1142,2119,-304
1143,2185,-244
1144,2201,-309
1145,2190,-308
1146,2150,-264
1147,2310,-307
1148,2294,-269
1149,2251,-319
1150,2307,-322
1151,2212,-275
1152,2248,-320
1153,2233,-267
1154,2148,-326
1155,2180,-383
1156,2088,-318
1157,2046,-351
1158,1961,-271
1159,1832,-248
1160,1828,-299
1161,1673,-215
1162,1616,-241
1163,1547,-194
1164,1316,-125
1165,1301,-157
1166,1208,-100
1167,1091,-147
1168,1018,-115
1169,758,-25
1170,608,-99
1171,446,-81
1172,307,-70
1173,224,-17
1174,7,50
1175,-17,-8
1176,-134,59
1177,-382,22
1178,-450,-19
1179,-625,111
1180,-745,108
1181,-893,177
1182,-1086,217
1183,-1070,164
1184,-1219,223
1185,-1382,195
1186,-1489,212
1187,-1655,209
1188,-1647,133
1189,-1745,205
1190,-1837,193
1191,-1868,224
1192,-2078,293
1193,-2144,233
1194,-2160,300
1195,-2148,298
1196,-2109,253
1197,-2269,296
1198,-2254,259
1199,-2211,309
1200,-2266,312
1201,-2172,265
1202,-2207,310
1203,-2192,257
1204,-2107,316
1205,-2139,373
1206,-2047,308
1207,-2005,340
1208,-1920,260
1209,-1792,237
1210,-1787,288
1211,-1633,205
1212,-1575,230
1213,-1507,184
1214,-1276,116
1215,-1259,147
1216,-1167,90
1217,-1050,136
1218,-977,104
1219,-717,13
1220,-568,88
1221,-405,71
1222,-265,60
1223,-184,7
1224,34,-62
1225,58,-3
1226,175,-69
1227,422,-33
1228,490,8
1229,666,-122
1230,787,-118
1231,935,-187
1232,1128,-228
1233,1111,-175
1234,1260,-234
1235,1424,-205
1236,1530,-222
1237,1695,-218
1238,1688,-142
1239,1785,-216
1240,1878,-203
1241,1909,-233
1242,2119,-304
1243,2185,-244
1244,2201,-309
1245,2190,-308
1246,2150,-264
1247,2310,-307
1248,2294,-269
1249,2251,-319
1250,2307,-322
1251,2212,-275
1252,2248,-320
1253,2233,-267
1254,2148,-326
1255,2180,-383
1256,2088,-318
1257,2046,-351
1258,1961,-271
1259,1832,-248
1260,1828,-299
1261,1673,-215
1262,1616,-241
1263,1547,-194
1264,1316,-125
1265,1301,-157
1266,1208,-100
1267,1091,-147
1268,1018,-115
1269,758,-25
1270,608,-99
1271,446,-81
1272,307,-70
1273,224,-17
1274,7,50
1275,-17,-8
1276,-134,59
1277,-382,22
1278,-450,-19
1279,-625,111
1280,-745,108
1281,-893,177
1282,-1086,217
1283,-1070,164
1284,-1219,223
1285,-1382,195
1286,-1489,212
1287,-1655,209
1288,-1647,133
1289,-1745,205
1290,-1837,193
1291,-1868,224
1292,-2078,293
1293,-2144,233
1294,-2160,300
1295,-2148,298
1296,-2109,253
1297,-2269,296
1298,-2254,259
1299,-2211,309
1300,-2266,312
1301,-2172,265
1302,-2207,310
1303,-2192,257
1304,-2107,316
1305,-2139,373
1306,-2047,308
1307,-2005,340
1308,-1920,260
1309,-1792,237
1310,-1787,288
1311,-1633,205
1312,-1575,230
1313,-1507,184
1314,-1276,116
1315,-1259,147
1316,-1167,90
1317,-1050,136
1318,-977,104
1319,-717,13
1320,-568,88
1321,-405,71
1322,-265,60
1323,-184,7
1324,34,-62
1325,58,-3
1326,175,-69
1327,422,-33
1328,490,8
1329,666,-122
1330,787,-118
1331,935,-187
1332,1128,-228
1333,1111,-175
1334,1260,-234
1335,1424,-205
1336,1530,-222
1337,1695,-218
1338,1688,-142
1339,1785,-216
1340,1878,-203
1341,1909,-233
1342,2119,-304
1343,2185,-244
1344,2201,-309
1345,2190,-308
1346,2150,-264
1347,2310,-307
1348,2294,-269
1349,2251,-319
1350,2307,-322
1351,2212,-275
1352,2248,-320
1353,2233,-267
1354,2148,-326
1355,2180,-383
1356,2088,-318
1357,2046,-351
1358,1961,-271
1359,1832,-248
1360,1828,-299
1361,1673,-215
1362,1616,-241
1363,1547,-194
1364,1316,-125
1365,1301,-157
1366,1208,-100
1367,1091,-147
1368,1018,-115
1369,758,-25
1370,608,-99
1371,446,-81
1372,307,-70
1373,224,-17
1374,7,50
1375,-17,-8
1376,-134,59
1377,-382,22
1378,-450,-19
1379,-625,111
1380,-745,108
1381,-893,177
1382,-1086,217
1383,-1070,164
1384,-1219,223
1385,-1382,195
1386,-1489,212
1387,-1655,209
1388,-1647,133
1389,-1745,205
1390,-1837,193
1391,-1868,224
1392,-2078,293
1393,-2144,233
1394,-2160,300
1395,-2148,298
1396,-2109,253
1397,-2269,296
1398,-2254,259
1399,-2211,309
1400,-2266,312
1401,-2172,265
1402,-2207,310
1403,-2192,257
1404,-2107,316
1405,-2139,373
1406,-2047,308
1407,-2005,340
1408,-1920,260
1409,-1792,237
1410,-1787,288
1411,-1633,205
1412,-1575,230
1413,-1507,184
1414,-1276,116
1415,-1259,147
1416,-1167,90
1417,-1050,136
1418,-977,104
1419,-717,13
1420,-568,88
1421,-405,71
1422,-265,60
1423,-184,7
1424,34,-62
1425,58,-3
1426,175,-69
1427,422,-33
1428,490,8
1429,666,-122
1430,787,-118
1431,935,-187
1432,1128,-228
1433,1111,-175
1434,1260,-234
1435,1424,-205
1436,1530,-222
1437,1695,-218
1438,1688,-142
1439,1785,-216
1440,1878,-203
1441,1909,-233
1442,2119,-304
1443,2185,-244
1444,2201,-309
1445,2190,-308
1446,2150,-264
1447,2310,-307
1448,2294,-269
1449,2251,-319
1450,2307,-322
1451,2212,-275
1452,2248,-320
1453,2233,-267
1454,2148,-326
1455,2180,-383
1456,2088,-318
1457,2046,-351
1458,1961,-271
1459,1832,-248
1460,1828,-299
1461,1673,-215
1462,1616,-241
1463,1547,-194
1464,1316,-125
1465,1301,-157
1466,1208,-100
1467,1091,-147
1468,1018,-115
1469,758,-25
1470,608,-99
1471,446,-81
1472,307,-70
1473,224,-17
1474,7,50
1475,-17,-8
1476,-134,59
1477,-382,22
1478,-450,-19
1479,-625,111
1480,-745,108
1481,-893,177
1482,-1086,217
1483,-1070,164
1484,-1219,223
1485,-1382,195
1486,-1489,212
1487,-1655,209
1488,-1647,133
1489,-1745,205
1490,-1837,193
1491,-1868,224
1492,-2078,293
1493,-2144,233
1494,-2160,300
1495,-2148,298
1496,-2109,253
1497,-2269,296
1498,-2254,259
1499,-2211,309
1500,-2266,312
1501,-2172,265
1502,-2207,310
1503,-2192,257
1504,-2107,316
1505,-2139,373
1506,-2047,308
1507,-2005,340
1508,-1920,260
1509,-1792,237
1510,-1787,288
1511,-1633,205
1512,-1575,230
1513,-1507,184
1514,-1276,116
1515,-1259,147
1516,-1167,90
1517,-1050,136
1518,-977,104
1519,-717,13
1520,-568,88
1521,-405,71
1522,-265,60
1523,-184,7
1524,34,-62
1525,58,-3
1526,175,-69
1527,422,-33
1528,490,8
1529,666,-122
1530,787,-118
1531,935,-187
1532,1128,-228
1533,1111,-175
1534,1260,-234
1535,1424,-205
1536,1530,-222
1537,1695,-218
1538,1688,-142
1539,1785,-216
1540,1878,-203
1541,1909,-233
1542,2119,-304
1543,2185,-244
1544,2201,-309
1545,2190,-308
1546,2150,-264
1547,2310,-307
1548,2294,-269
1549,2251,-319
1550,2307,-322
1551,2212,-275
1552,2248,-320
1553,2233,-267
1554,2148,-326
1555,2180,-383
1556,2088,-318
1557,2046,-351
1558,1961,-271
1559,1832,-248
1560,1828,-299
1561,1673,-215
1562,1616,-241
1563,1547,-194
1564,1316,-125
1565,1301,-157
1566,1208,-100
1567,1091,-147
1568,1018,-115
1569,758,-25
1570,608,-99
1571,446,-81
1572,307,-70
1573,224,-17
1574,7,50
1575,-17,-8
1576,-134,59
1577,-382,22
1578,-450,-19
1579,-625,111
1580,-745,108
1581,-893,177
1582,-1086,217
1583,-1070,164
1584,-1219,223
1585,-1382,195
1586,-1489,212
1587,-1655,209
1588,-1647,133
1589,-1745,205
1590,-1837,193
1591,-1868,224
1592,-2078,293
1593,-2144,233
1594,-2160,300
1595,-2148,298
1596,-2109,253
1597,-2269,296
1598,-2254,259
1599,-2211,309
1600,-2266,312
1601,-2172,265
1602,-2207,310
1603,-2192,257
1604,-2107,316
1605,-2139,373
1606,-2047,308
1607,-2005,340
1608,-1920,260
1609,-1792,237
1610,-1787,288
1611,-1633,205
1612,-1575,230
1613,-1507,184
1614,-1276,116
1615,-1259,147
1616,-1167,90
1617,-1050,136
1618,-977,104
1619,-717,13
1620,-568,88
1621,-405,71
1622,-265,60
1623,-184,7
1624,34,-62
1625,58,-3
1626,175,-69
1627,422,-33
1628,490,8
1629,666,-122
1630,787,-118
1631,935,-187
1632,1128,-228
1633,1111,-175
1634,1260,-234
1635,1424,-205
1636,1530,-222
1637,1695,-218
1638,1688,-142
1639,1785,-216
1640,1878,-203
1641,1909,-233
1642,2119,-304
1643,2185,-244
1644,2201,-309
1645,2190,-308
1646,2150,-264
1647,2310,-307
1648,2294,-269
1649,2251,-319
1650,2307,-322
1651,2212,-275
1652,2248,-320
1653,2233,-267
1654,2148,-326
1655,2180,-383
1656,2088,-318
1657,2046,-351
1658,1961,-271
1659,1832,-248
1660,1828,-299
1661,1673,-215
1662,1616,-241
1663,1547,-194
1664,1316,-125
1665,1301,-157
1666,1208,-100
1667,1091,-147
1668,1018,-115
1669,758,-25
1670,608,-99
1671,446,-81
1672,307,-70
1673,224,-17
1674,7,50
1675,-17,-8
1676,-134,59
1677,-382,22
1678,-450,-19
1679,-625,111
1680,-745,108
1681,-893,177
1682,-1086,217
1683,-1070,164
1684,-1219,223
1685,-1382,195
1686,-1489,212
1687,-1655,209
1688,-1647,133
1689,-1745,205
1690,-1837,193
1691,-1868,224
1692,-2078,293
1693,-2144,233
1694,-2160,300
1695,-2148,298
1696,-2109,253
1697,-2269,296
1698,-2254,259
1699,-2211,309
1700,-2266,312
1701,-2172,265
1702,-2207,310
1703,-2192,257
1704,-2107,316
1705,-2139,373
1706,-2047,308
1707,-2005,340
1708,-1920,260
1709,-1792,237
1710,-1787,288
1711,-1633,205
1712,-1575,230
1713,-1507,184
1714,-1276,116
1715,-1259,147
1716,-1167,90
1717,-1050,136
1718,-977,104
1719,-717,13
1720,-568,88
1721,-405,71
1722,-265,60
1723,-184,7
1724,34,-62
1725,58,-3
1726,175,-69
1727,422,-33
1728,490,8
1729,666,-122
1730,787,-118
1731,935,-187
1732,1128,-228
1733,1111,-175
1734,1260,-234
1735,1424,-205
1736,1530,-222
1737,1695,-218
1738,1688,-142
1739,1785,-216
1740,1878,-203
1741,1909,-233
1742,2119,-304
1743,2185,-244
1744,2201,-309
1745,2190,-308
1746,2150,-264
1747,2310,-307
1748,2294,-269
1749,2251,-319
1750,2307,-322
1751,2212,-275
1752,2248,-320
1753,2233,-267
1754,2148,-326
1755,2180,-383
1756,2088,-318
1757,2046,-351
1758,1961,-271
1759,1832,-248
1760,1828,-299
1761,1673,-215
1762,1616,-241
1763,1547,-194
1764,1316,-125
1765,1301,-157
1766,1208,-100
1767,1091,-147
1768,1018,-115
1769,758,-25
1770,608,-99
1771,446,-81
1772,307,-70
1773,224,-17
1774,7,50
1775,-17,-8
1776,-134,59
1777,-382,22
1778,-450,-19
1779,-625,111
1780,-745,108
1781,-893,177
1782,-1086,217
1783,-1070,164
1784,-1219,223
1785,-1382,195
1786,-1489,212
1787,-1655,209
1788,-1647,133
1789,-1745,205
1790,-1837,193
1791,-1868,224
1792,-2078,293
1793,-2144,233
1794,-2160,300
1795,-2148,298
1796,-2109,253
1797,-2269,296
1798,-2254,259
1799,-2211,309
1800,-2266,312
1801,-2172,265
1802,-2207,310
1803,-2192,257
1804,-2107,316
1805,-2139,373
1806,-2047,308
1807,-2005,340
1808,-1920,260
1809,-1792,237
1810,-1787,288
1811,-1633,205
1812,-1575,230
1813,-1507,184
1814,-1276,116
1815,-1259,147
1816,-1167,90
1817,-1050,136
1818,-977,104
1819,-717,13
1820,-568,88
1821,-405,71
1822,-265,60
1823,-184,7
1824,34,-62
1825,58,-3
1826,175,-69
1827,422,-33
1828,490,8
1829,666,-122
1830,787,-118
1831,935,-187
1832,1128,-228
1833,1111,-175
1834,1260,-234
1835,1424,-205
1836,1530,-222
1837,1695,-218
1838,1688,-142
1839,1785,-216
1840,1878,-203
1841,1909,-233
1842,2119,-304
1843,2185,-244
1844,2201,-309
1845,2190,-308
1846,2150,-264
1847,2310,-307
1848,2294,-269
1849,2251,-319
1850,2307,-322
1851,2212,-275
1852,2248,-320
1853,2233,-267
1854,2148,-326
1855,2180,-383
1856,2088,-318
1857,2046,-351
1858,1961,-271
1859,1832,-248
1860,1828,-299
1861,1673,-215
1862,1616,-241
1863,1547,-194
1864,1316,-125
1865,1301,-157
1866,1208,-100
1867,1091,-147
1868,1018,-115
1869,758,-25
1870,608,-99
1871,446,-81
1872,307,-70
1873,224,-17
1874,7,50
1875,-17,-8
1876,-134,59
1877,-382,22
1878,-450,-19
1879,-625,111
1880,-745,108
1881,-893,177
1882,-1086,217
1883,-1070,164
1884,-1219,223
1885,-1382,195
1886,-1489,212
1887,-1655,209
1888,-1647,133
1889,-1745,205
1890,-1837,193
1891,-1868,224
1892,-2078,293
1893,-2144,233
1894,-2160,300
1895,-2148,298
1896,-2109,253
1897,-2269,296
1898,-2254,259
1899,-2211,309
1900,-2266,312
1901,-2172,265
1902,-2207,310
1903,-2192,257
1904,-2107,316
1905,-2139,373
1906,-2047,308
1907,-2005,340
1908,-1920,260
1909,-1792,237
1910,-1787,288
1911,-1633,205
1912,-1575,230
1913,-1507,184
1914,-1276,116
1915,-1259,147
1916,-1167,90
1917,-1050,136
1918,-977,104
1919,-717,13
1920,-568,88
1921,-405,71
1922,-265,60
1923,-184,7
1924,34,-62
1925,58,-3
1926,175,-69
1927,422,-33
1928,490,8
1929,666,-122
1930,787,-118
1931,935,-187
1932,1128,-228
1933,1111,-175
1934,1260,-234
1935,1424,-205
1936,1530,-222
1937,1695,-218
1938,1688,-142
1939,1785,-216
1940,1878,-203
1941,1909,-233
1942,2119,-304
1943,2185,-244
1944,2201,-309
1945,2190,-308
1946,2150,-264
1947,2310,-307
1948,2294,-269
1949,2251,-319
1950,2307,-322
1951,2212,-275
1952,2248,-320
1953,2233,-267
1954,2148,-326
1955,2180,-383
1956,2088,-318
1957,2046,-351
1958,1961,-271
1959,1832,-248
1960,1828,-299
1961,1673,-215
1962,1616,-241
1963,1547,-194
1964,1316,-125
1965,1301,-157
1966,1208,-100
1967,1091,-147
1968,1018,-115
1969,758,-25
1970,608,-99
1971,446,-81
1972,307,-70
1973,224,-17
1974,7,50
1975,-17,-8
1976,-134,59
1977,-382,22
1978,-450,-19
1979,-625,111
1980,-745,108
1981,-893,177
1982,-1086,217
1983,-1070,164
1984,-1219,223
1985,-1382,195
1986,-1489,212
1987,-1655,209
1988,-1647,133
1989,-1745,205
1990,-1837,193
1991,-1868,224
1992,-2078,293
1993,-2144,233
1994,-2160,300
1995,-2148,298
1996,-2109,253
1997,-2269,296
1998,-2254,259
1999,-2211,309
2000,-2266,312
2001,-2172,265
2002,-2207,310
2003,-2192,257
2004,-2107,316
2005,-2139,373
2006,-2047,308
2007,-2005,340
2008,-1920,260
2009,-1792,237
2010,-1787,288
2011,-1633,205
2012,-1575,230
2013,-1507,184
2014,-1276,116
2015,-1259,147
2016,-1167,90
2017,-1050,136
2018,-977,104
2019,-717,13
2020,-568,88
2021,-405,71
2022,-265,60
2023,-184,7
2024,34,-62
2025,58,-3
2026,175,-69
2027,422,-33
2028,490,8
2029,666,-122
2030,787,-118
2031,935,-187
2032,1128,-228
2033,1111,-175
2034,1260,-234
2035,1424,-205
2036,1530,-222
2037,1695,-218
2038,1688,-142
2039,1785,-216
2040,1878,-203
2041,1909,-233
2042,2119,-304
2043,2185,-244
2044,2201,-309
2045,2190,-308
2046,2150,-264
2047,2310,-307
2048,2294,-269
2049,2251,-319
2050,2307,-322
2051,2212,-275
2052,2248,-320
2053,2233,-267
2054,2148,-326
2055,2180,-383
2056,2088,-318
2057,2046,-351
2058,1961,-271
2059,1832,-248
2060,1828,-299
2061,1673,-215
2062,1616,-241
2063,1547,-194
2064,1316,-125
2065,1301,-157
2066,1208,-100
2067,1091,-147
2068,1018,-115
2069,758,-25
2070,608,-99
2071,446,-81
2072,307,-70
2073,224,-17
2074,7,50
2075,-17,-8
2076,-134,59
2077,-382,22
2078,-450,-19
2079,-625,111
2080,-745,108
2081,-893,177
2082,-1086,217
2083,-1070,164
2084,-1219,223
2085,-1382,195
2086,-1489,212
2087,-1655,209
2088,-1647,133
2089,-1745,205
2090,-1837,193
2091,-1868,224
2092,-2078,293
2093,-2144,233
2094,-2160,300
2095,-2148,298
2096,-2109,253
2097,-2269,296
2098,-2254,259
2099,-2211,309
2100,-2266,312
2101,-2172,265
2102,-2207,310
2103,-2192,257
2104,-2107,316
2105,-2139,373
2106,-2047,308
2107,-2005,340
2108,-1920,260
2109,-1792,237
2110,-1787,288
2111,-1633,205
2112,-1575,230
2113,-1507,184
2114,-1276,116
2115,-1259,147
2116,-1167,90
2117,-1050,136
2118,-977,104
2119,-717,13
2120,-568,88
2121,-405,71
2122,-265,60
2123,-184,7
2124,34,-62
2125,58,-3
2126,175,-69
2127,422,-33
2128,490,8
2129,666,-122
2130,787,-118
2131,935,-187
2132,1128,-228
2133,1111,-175
2134,1260,-234
2135,1424,-205
2136,1530,-222
2137,1695,-218
2138,1688,-142
2139,1785,-216
2140,1878,-203
2141,1909,-233
2142,2119,-304
2143,2185,-244
2144,2201,-309
2145,2190,-308
2146,2150,-264
2147,2310,-307
2148,2294,-269
2149,2251,-319
2150,2307,-322
2151,2212,-275
2152,2248,-320
2153,2233,-267
2154,2148,-326
2155,2180,-383
2156,2088,-318
2157,2046,-351
2158,1961,-271
2159,1832,-248
2160,1828,-299
2161,1673,-215
2162,1616,-241
2163,1547,-194
2164,1316,-125
2165,1301,-157
2166,1208,-100
2167,1091,-147
2168,1018,-115
2169,758,-25
2170,608,-99
2171,446,-81
2172,307,-70
2173,224,-17
2174,7,50
2175,-17,-8
2176,-134,59
2177,-382,22
2178,-450,-19
2179,-625,111
2180,-745,108
2181,-893,177
2182,-1086,217
2183,-1070,164
2184,-1219,223
2185,-1382,195
2186,-1489,212
2187,-1655,209
2188,-1647,133
2189,-1745,205
2190,-1837,193
2191,-1868,224
2192,-2078,293
2193,-2144,233
2194,-2160,300
2195,-2148,298
2196,-2109,253
2197,-2269,296
2198,-2254,259
2199,-2211,309
2200,-2266,312
2201,-2172,265
2202,-2207,310
2203,-2192,257
2204,-2107,316
2205,-2139,373
2206,-2047,308
2207,-2005,340
2208,-1920,260
2209,-1792,237
2210,-1787,288
2211,-1633,205
2212,-1575,230
2213,-1507,184
2214,-1276,116
2215,-1259,147
2216,-1167,90
2217,-1050,136
2218,-977,104
2219,-717,13
2220,-568,88
2221,-405,71
2222,-265,60
2223,-184,7
2224,34,-62
2225,58,-3
2226,175,-69
2227,422,-33
2228,490,8
2229,666,-122
2230,787,-118
2231,935,-187
2232,1128,-228
2233,1111,-175
2234,1260,-234
2235,1424,-205
2236,1530,-222
2237,1695,-218
2238,1688,-142
2239,1785,-216
2240,1878,-203
2241,1909,-233
2242,2119,-304
2243,2185,-244
2244,2201,-309
2245,2190,-308
2246,2150,-264
2247,2310,-307
2248,2294,-269
2249,2251,-319
2250,2307,-322
2251,2212,-275
2252,2248,-320
2253,2233,-267
2254,2148,-326
2255,2180,-383
2256,2088,-318
2257,2046,-351
2258,1961,-271
2259,1832,-248
2260,1828,-299
2261,1673,-215
2262,1616,-241
2263,1547,-194
2264,1316,-125
2265,1301,-157
2266,1208,-100
2267,1091,-147
2268,1018,-115
2269,758,-25
2270,608,-99
2271,446,-81
2272,307,-70
2273,224,-17
2274,7,50
2275,-17,-8
2276,-134,59
2277,-382,22
2278,-450,-19
2279,-625,111
2280,-745,108
2281,-893,177
2282,-1086,217
2283,-1070,164
2284,-1219,223
2285,-1382,195
2286,-1489,212
2287,-1655,209
2288,-1647,133
2289,-1745,205
2290,-1837,193
2291,-1868,224
2292,-2078,293
2293,-2144,233
2294,-2160,300
2295,-2148,298
2296,-2109,253
2297,-2269,296
2298,-2254,259
2299,-2211,309
2300,-2266,312
2301,-2172,265
2302,-2207,310
2303,-2192,257
2304,-2107,316
2305,-2139,373
2306,-2047,308
2307,-2005,340
2308,-1920,260
2309,-1792,237
2310,-1787,288
2311,-1633,205
2312,-1575,230
2313,-1507,184
2314,-1276,116
2315,-1259,147
2316,-1167,90
2317,-1050,136
2318,-977,104
2319,-717,13
2320,-568,88
2321,-405,71
2322,-265,60
2323,-184,7
2324,34,-62
2325,58,-3
2326,175,-69
2327,422,-33
2328,490,8
2329,666,-122
2330,787,-118
2331,935,-187
2332,1128,-228
2333,1111,-175
2334,1260,-234
2335,1424,-205
2336,1530,-222
2337,1695,-218
2338,1688,-142
2339,1785,-216
2340,1878,-203
2341,1909,-233
2342,2119,-304
2343,2185,-244
2344,2201,-309
2345,2190,-308
2346,2150,-264
2347,2310,-307
2348,2294,-269
2349,2251,-319
2350,2307,-322
2351,2212,-275
2352,2248,-320
2353,2233,-267
2354,2148,-326
2355,2180,-383
2356,2088,-318
2357,2046,-351
2358,1961,-271
2359,1832,-248
2360,1828,-299
2361,1673,-215
2362,1616,-241
2363,1547,-194
2364,1316,-125
2365,1301,-157
2366,1208,-100
2367,1091,-147
2368,1018,-115
2369,758,-25
2370,608,-99
2371,446,-81
2372,307,-70
2373,224,-17
2374,7,50
2375,-17,-8
2376,-134,59
2377,-382,22
2378,-450,-19
2379,-625,111
2380,-745,108
2381,-893,177
2382,-1086,217
2383,-1070,164
2384,-1219,223
2385,-1382,195
2386,-1489,212
2387,-1655,209
2388,-1647,133
2389,-1745,205
2390,-1837,193
2391,-1868,224
2392,-2078,293
2393,-2144,233
2394,-2160,300
2395,-2148,298
2396,-2109,253
2397,-2269,296
2398,-2254,259
2399,-2211,309
2400,-2266,312
2401,-2172,265
2402,-2207,310
2403,-2192,257
2404,-2107,316
2405,-2139,373
2406,-2047,308
2407,-2005,340
2408,-1920,260
2409,-1792,237
2410,-1787,288
2411,-1633,205
2412,-1575,230
2413,-1507,184
2414,-1276,116
2415,-1259,147
2416,-1167,90
2417,-1050,136
2418,-977,104
2419,-717,13
2420,-568,88
2421,-405,71
2422,-265,60
2423,-184,7
2424,34,-62
2425,58,-3
2426,175,-69
2427,422,-33
2428,490,8
2429,666,-122
2430,787,-118
2431,935,-187
2432,1128,-228
2433,1111,-175
2434,1260,-234
2435,1424,-205
2436,1530,-222
2437,1695,-218
2438,1688,-142
2439,1785,-216
2440,1878,-203
2441,1909,-233
2442,2119,-304
2443,2185,-244
2444,2201,-309
2445,2190,-308
2446,2150,-264
2447,2310,-307
2448,2294,-269
2449,2251,-319
2450,2307,-322
2451,2212,-275
2452,2248,-320
2453,2233,-267
2454,2148,-326
2455,2180,-383
2456,2088,-318
2457,2046,-351
2458,1961,-271
2459,1832,-248
2460,1828,-299
2461,1673,-215
2462,1616,-241
2463,1547,-194
2464,1316,-125
2465,1301,-157
2466,1208,-100
2467,1091,-147
2468,1018,-115
2469,758,-25
2470,608,-99
2471,446,-81
2472,307,-70
2473,224,-17
2474,7,50
2475,-17,-8
2476,-134,59
2477,-382,22
2478,-450,-19
2479,-625,111
2480,-745,108
2481,-893,177
2482,-1086,217
2483,-1070,164
2484,-1219,223
2485,-1382,195
2486,-1489,212
2487,-1655,209
2488,-1647,133
2489,-1745,205
2490,-1837,193
2491,-1868,224
2492,-2078,293
2493,-2144,233
2494,-2160,300
2495,-2148,298
2496,-2109,253
2497,-2269,296
2498,-2254,259
2499,-2211,309
2500,-2266,312
2501,-2172,265
2502,-2207,310
2503,-2192,257
2504,-2107,316
2505,-2139,373
2506,-2047,308
2507,-2005,340
2508,-1920,260
2509,-1792,237
2510,-1787,288
2511,-1633,205
2512,-1575,230
2513,-1507,184
2514,-1276,116
2515,-1259,147
2516,-1167,90
2517,-1050,136
2518,-977,104
2519,-717,13
2520,-568,88
2521,-405,71
2522,-265,60
2523,-184,7
2524,34,-62
2525,58,-3
2526,175,-69
2527,422,-33
2528,490,8
2529,666,-122
2530,787,-118
2531,935,-187
2532,1128,-228
2533,1111,-175
2534,1260,-234
2535,1424,-205
2536,1530,-222
2537,1695,-218
2538,1688,-142
2539,1785,-216
2540,1878,-203
2541,1909,-233
2542,2119,-304
2543,2185,-244
2544,2201,-309
2545,2190,-308
2546,2150,-264
2547,2310,-307
2548,2294,-269
2549,2251,-319
2550,2307,-322
2551,2212,-275
2552,2248,-320
2553,2233,-267
2554,2148,-326
2555,2180,-383
2556,2088,-318
2557,2046,-351
2558,1961,-271
2559,1832,-248
2560,1828,-299
2561,1673,-215
2562,1616,-241
2563,1547,-194
2564,1316,-125
2565,1301,-157
2566,1208,-100
2567,1091,-147
2568,1018,-115
2569,758,-25
2570,608,-99
2571,446,-81
2572,307,-70
2573,224,-17
2574,7,50
2575,-17,-8
2576,-134,59
2577,-382,22
2578,-450,-19
2579,-625,111
2580,-745,108
2581,-893,177
2582,-1086,217
2583,-1070,164
2584,-1219,223
2585,-1382,195
2586,-1489,212
2587,-1655,209
2588,-1647,133
2589,-1745,205
2590,-1837,193
2591,-1868,224
2592,-2078,293
2593,-2144,233
2594,-2160,300
2595,-2148,298
2596,-2109,253
2597,-2269,296
2598,-2254,259
2599,-2211,309
2600,-2266,312
2601,-2172,265
2602,-2207,310
2603,-2192,257
2604,-2107,316
2605,-2139,373
2606,-2047,308
2607,-2005,340
2608,-1920,260
2609,-1792,237
2610,-1787,288
2611,-1633,205
2612,-1575,230
2613,-1507,184
2614,-1276,116
2615,-1259,147
2616,-1167,90
2617,-1050,136
2618,-977,104
2619,-717,13
2620,-568,88
2621,-405,71
2622,-265,60
2623,-184,7
2624,34,-62
2625,58,-3
2626,175,-69
2627,422,-33
2628,490,8
2629,666,-122
2630,787,-118
2631,935,-187
2632,1128,-228
2633,1111,-175
2634,1260,-234
2635,1424,-205
2636,1530,-222
2637,1695,-218
2638,1688,-142
2639,1785,-216
2640,1878,-203
2641,1909,-233
2642,2119,-304
2643,2185,-244
2644,2201,-309
2645,2190,-308
2646,2150,-264
2647,2310,-307
2648,2294,-269
2649,2251,-319
2650,2307,-322
2651,2212,-275
2652,2248,-320
2653,2233,-267
2654,2148,-326
2655,2180,-383
2656,2088,-318
2657,2046,-351
2658,1961,-271
2659,1832,-248
2660,1828,-299
2661,1673,-215
2662,1616,-241
2663,1547,-194
2664,1316,-125
2665,1301,-157
2666,1208,-100
2667,1091,-147
2668,1018,-115
2669,758,-25
2670,608,-99
2671,446,-81
2672,307,-70
2673,224,-17
2674,7,50
2675,-17,-8
2676,-134,59
2677,-382,22
2678,-450,-19
2679,-625,111
2680,-745,108
2681,-893,177
2682,-1086,217
2683,-1070,164
2684,-1219,223
2685,-1382,195
2686,-1489,212
2687,-1655,209
2688,-1647,133
2689,-1745,205
2690,-1837,193
2691,-1868,224
2692,-2078,293
2693,-2144,233
2694,-2160,300
2695,-2148,298
2696,-2109,253
2697,-2269,296
2698,-2254,259
2699,-2211,309
2700,-2266,312
2701,-2172,265
2702,-2207,310
2703,-2192,257
2704,-2107,316
2705,-2139,373
2706,-2047,308
2707,-2005,340
2708,-1920,260
2709,-1792,237
2710,-1787,288
2711,-1633,205
2712,-1575,230
2713,-1507,184
2714,-1276,116
2715,-1259,147
2716,-1167,90
2717,-1050,136
2718,-977,104
2719,-717,13
2720,-568,88
2721,-405,71
2722,-265,60
2723,-184,7
2724,34,-62
2725,58,-3
2726,175,-69
2727,422,-33
2728,490,8
2729,666,-122
2730,787,-118
2731,935,-187
2732,1128,-228
2733,1111,-175
2734,1260,-234
2735,1424,-205
2736,1530,-222
2737,1695,-218
2738,1688,-142
2739,1785,-216
2740,1878,-203
2741,1909,-233
2742,2119,-304
2743,2185,-244
2744,2201,-309
2745,2190,-308
2746,2150,-264
2747,2310,-307
2748,2294,-269
2749,2251,-319
2750,2307,-322
2751,2212,-275
2752,2248,-320
2753,2233,-267
2754,2148,-326
2755,2180,-383
2756,2088,-318
2757,2046,-351
2758,1961,-271
2759,1832,-248
2760,1828,-299
2761,1673,-215
2762,1616,-241
2763,1547,-194
2764,1316,-125
2765,1301,-157
2766,1208,-100
2767,1091,-147
2768,1018,-115
2769,758,-25
2770,608,-99
2771,446,-81
2772,307,-70
2773,224,-17
2774,7,50
2775,-17,-8
2776,-134,59
2777,-382,22
2778,-450,-19
2779,-625,111
2780,-745,108
2781,-893,177
2782,-1086,217
2783,-1070,164
2784,-1219,223
2785,-1382,195
2786,-1489,212
2787,-1655,209
2788,-1647,133
2789,-1745,205
2790,-1837,193
2791,-1868,224
2792,-2078,293
2793,-2144,233
2794,-2160,300
2795,-2148,298
2796,-2109,253
2797,-2269,296
2798,-2254,259
2799,-2211,309
2800,-2266,312
2801,-2172,265
2802,-2207,310
2803,-2192,257
2804,-2107,316
2805,-2139,373
2806,-2047,308
2807,-2005,340
2808,-1920,260
2809,-1792,237
2810,-1787,288
2811,-1633,205
2812,-1575,230
2813,-1507,184
2814,-1276,116
2815,-1259,147
2816,-1167,90
2817,-1050,136
2818,-977,104
2819,-717,13
2820,-568,88
2821,-405,71
2822,-265,60
2823,-184,7
2824,34,-62
2825,58,-3
2826,175,-69
2827,422,-33
2828,490,8
2829,666,-122
2830,787,-118
2831,935,-187
2832,1128,-228
2833,1111,-175
2834,1260,-234
2835,1424,-205
2836,1530,-222
2837,1695,-218
2838,1688,-142
2839,1785,-216
2840,1878,-203
2841,1909,-233
2842,2119,-304
2843,2185,-244
2844,2201,-309
2845,2190,-308
2846,2150,-264
2847,2310,-307
2848,2294,-269
2849,2251,-319
2850,2307,-322
2851,2212,-275
2852,2248,-320
2853,2233,-267
2854,2148,-326
2855,2180,-383
2856,2088,-318
2857,2046,-351
2858,1961,-271
2859,1832,-248
2860,1828,-299
2861,1673,-215
2862,1616,-241
2863,1547,-194
2864,1316,-125
2865,1301,-157
2866,1208,-100
2867,1091,-147
2868,1018,-115
2869,758,-25
2870,608,-99
2871,446,-81
2872,307,-70
2873,224,-17
2874,7,50
2875,-17,-8
2876,-134,59
2877,-382,22
2878,-450,-19
2879,-625,111
2880,-745,108
2881,-893,177
2882,-1086,217
2883,-1070,164
2884,-1219,223
2885,-1382,195
2886,-1489,212
2887,-1655,209
2888,-1647,133
2889,-1745,205
2890,-1837,193
2891,-1868,224
2892,-2078,293
2893,-2144,233
2894,-2160,300
2895,-2148,298
2896,-2109,253
2897,-2269,296
2898,-2254,259
2899,-2211,309
2900,-2266,312
2901,-2172,265
2902,-2207,310
2903,-2192,257
2904,-2107,316
2905,-2139,373
2906,-2047,308
2907,-2005,340
2908,-1920,260
2909,-1792,237
2910,-1787,288
2911,-1633,205
2912,-1575,230
2913,-1507,184
2914,-1276,116
2915,-1259,147
2916,-1167,90
2917,-1050,136
2918,-977,104
2919,-717,13
2920,-568,88
2921,-405,71
2922,-265,60
2923,-184,7
2924,34,-62
2925,58,-3
2926,175,-69
2927,422,-33
2928,490,8
2929,666,-122
2930,787,-118
2931,935,-187
2932,1128,-228
2933,1111,-175
2934,1260,-234
2935,1424,-205
2936,1530,-222
2937,1695,-218
2938,1688,-142
2939,1785,-216
2940,1878,-203
2941,1909,-233
2942,2119,-304
2943,2185,-244
2944,2201,-309
2945,2190,-308
2946,2150,-264
2947,2310,-307
2948,2294,-269
2949,2251,-319
2950,2307,-322
2951,2212,-275
2952,2248,-320
2953,2233,-267
2954,2148,-326
2955,2180,-383
2956,2088,-318
2957,2046,-351
2958,1961,-271
2959,1832,-248
2960,1828,-299
2961,1673,-215
2962,1616,-241
2963,1547,-194
2964,1316,-125
2965,1301,-157
2966,1208,-100
2967,1091,-147
2968,1018,-115
2969,758,-25
2970,608,-99
2971,446,-81
2972,307,-70
2973,224,-17
2974,7,50
2975,-17,-8
2976,-134,59
2977,-382,22
2978,-450,-19
2979,-625,111
2980,-745,108
2981,-893,177
2982,-1086,217
2983,-1070,164
2984,-1219,223
2985,-1382,195
2986,-1489,212
2987,-1655,209
2988,-1647,133
2989,-1745,205
2990,-1837,193
2991,-1868,224
2992,-2078,293
2993,-2144,233
2994,-2160,300
2995,-2148,298
2996,-2109,253
2997,-2269,296
2998,-2254,259
2999,-2211,309
3000,-2266,312
3001,-2172,265
3002,-2207,310
3003,-2192,257
3004,-2107,316
3005,-2139,373
3006,-2047,308
3007,-2005,340
3008,-1920,260
3009,-1792,237
3010,-1787,288
3011,-1633,205
3012,-1575,230
3013,-1507,184
3014,-1276,116
3015,-1259,147
3016,-1167,90
3017,-1050,136
3018,-977,104
3019,-717,13
3020,-568,88
3021,-405,71
3022,-265,60
3023,-184,7
3024,34,-62
3025,58,-3
3026,175,-69
3027,422,-33
3028,490,8
3029,666,-122
3030,787,-118
3031,935,-187
3032,1128,-228
3033,1111,-175
3034,1260,-234
3035,1424,-205
3036,1530,-222
3037,1695,-218
3038,1688,-142
3039,1785,-216
3040,1878,-203
3041,1909,-233
3042,2119,-304
3043,2185,-244
3044,2201,-309
3045,2190,-308
3046,2150,-264
3047,2310,-307
3048,2294,-269
3049,2251,-319
3050,2307,-322
3051,2212,-275
3052,2248,-320
3053,2233,-267
3054,2148,-326
3055,2180,-383
3056,2088,-318
3057,2046,-351
3058,1961,-271
3059,1832,-248
3060,1828,-299
3061,1673,-215
3062,1616,-241
3063,1547,-194
3064,1316,-125
3065,1301,-157
3066,1208,-100
3067,1091,-147
3068,1018,-115
3069,758,-25
3070,608,-99
3071,446,-81
3072,307,-70
3073,224,-17
3074,7,50
3075,-17,-8
3076,-134,59
3077,-382,22
3078,-450,-19
3079,-625,111
3080,-745,108
3081,-893,177
3082,-1086,217
3083,-1070,164
3084,-1219,223
3085,-1382,195
3086,-1489,212
3087,-1655,209
3088,-1647,133
3089,-1745,205
3090,-1837,193
3091,-1868,224
3092,-2078,293
3093,-2144,233
3094,-2160,300
3095,-2148,298
3096,-2109,253
3097,-2269,296
3098,-2254,259
3099,-2211,309
3100,-2266,312
3101,-2172,265
3102,-2207,310
3103,-2192,257
3104,-2107,316
3105,-2139,373
3106,-2047,308
3107,-2005,340
3108,-1920,260
3109,-1792,237
3110,-1787,288
3111,-1633,205
3112,-1575,230
3113,-1507,184
3114,-1276,116
3115,-1259,147
3116,-1167,90
3117,-1050,136
3118,-977,104
3119,-717,13
3120,-568,88
3121,-405,71
3122,-265,60
3123,-184,7
3124,34,-62
3125,58,-3
3126,175,-69
3127,422,-33
3128,490,8
3129,666,-122
3130,787,-118
3131,935,-187
3132,1128,-228
3133,1111,-175
3134,1260,-234
3135,1424,-205
3136,1530,-222
3137,1695,-218
3138,1688,-142
3139,1785,-216
3140,1878,-203
3141,1909,-233
3142,2119,-304
3143,2185,-244
3144,2201,-309
3145,2190,-308
3146,2150,-264
3147,2310,-307
3148,2294,-269
3149,2251,-319
3150,2307,-322
3151,2212,-275
3152,2248,-320
3153,2233,-267
3154,2148,-326
3155,2180,-383
3156,2088,-318
3157,2046,-351
3158,1961,-271
3159,1832,-248
3160,1828,-299
3161,1673,-215
3162,1616,-241
3163,1547,-194
3164,1316,-125
3165,1301,-157
3166,1208,-100
3167,1091,-147
3168,1018,-115
3169,758,-25
3170,608,-99
3171,446,-81
3172,307,-70
3173,224,-17
3174,7,50
3175,-17,-8
3176,-134,59
3177,-382,22
3178,-450,-19
3179,-625,111
3180,-745,108
3181,-893,177
3182,-1086,217
3183,-1070,164
3184,-1219,223
3185,-1382,195
3186,-1489,212
3187,-1655,209
3188,-1647,133
3189,-1745,205
3190,-1837,193
3191,-1868,224
3192,-2078,293
3193,-2144,233
3194,-2160,300
3195,-2148,298
3196,-2109,253
3197,-2269,296
3198,-2254,259
3199,-2211,309
3200,-2266,312
3201,-2172,265
3202,-2207,310
3203,-2192,257
3204,-2107,316
3205,-2139,373
3206,-2047,308
3207,-2005,340
3208,-1920,260
3209,-1792,237
3210,-1787,288
3211,-1633,205
3212,-1575,230
3213,-1507,184
3214,-1276,116
3215,-1259,147
3216,-1167,90
3217,-1050,136
3218,-977,104
3219,-717,13
3220,-568,88
3221,-405,71
3222,-265,60
3223,-184,7
3224,34,-62
3225,58,-3
3226,175,-69
3227,422,-33
3228,490,8
3229,666,-122
3230,787,-118
3231,935,-187
3232,1128,-228
3233,1111,-175
3234,1260,-234
3235,1424,-205
3236,1530,-222
3237,1695,-218
3238,1688,-142
3239,1785,-216
3240,1878,-203
3241,1909,-233
3242,2119,-304
3243,2185,-244
3244,2201,-309
3245,2190,-308
3246,2150,-264
3247,2310,-307
3248,2294,-269
3249,2251,-319
3250,2307,-322
3251,2212,-275
3252,2248,-320
3253,2233,-267
3254,2148,-326
3255,2180,-383
3256,2088,-318
3257,2046,-351
3258,1961,-271
3259,1832,-248
3260,1828,-299
3261,1673,-215
3262,1616,-241
3263,1547,-194
3264,1316,-125
3265,1301,-157
3266,1208,-100
3267,1091,-147
3268,1018,-115
3269,758,-25
3270,608,-99
3271,446,-81
3272,307,-70
3273,224,-17
3274,7,50
3275,-17,-8
3276,-134,59
3277,-382,22
3278,-450,-19
3279,-625,111
3280,-745,108
3281,-893,177
3282,-1086,217
3283,-1070,164
3284,-1219,223
3285,-1382,195
3286,-1489,212
3287,-1655,209
3288,-1647,133
3289,-1745,205
3290,-1837,193
3291,-1868,224
3292,-2078,293
3293,-2144,233
3294,-2160,300
3295,-2148,298
3296,-2109,253
3297,-2269,296
3298,-2254,259
3299,-2211,309
3300,-2266,312
3301,-2172,265
3302,-2207,310
3303,-2192,257
3304,-2107,316
3305,-2139,373
3306,-2047,308
3307,-2005,340
3308,-1920,260
3309,-1792,237
3310,-1787,288
3311,-1633,205
3312,-1575,230
3313,-1507,184
3314,-1276,116
3315,-1259,147
3316,-1167,90
3317,-1050,136
3318,-977,104
3319,-717,13
3320,-568,88
3321,-405,71
3322,-265,60
3323,-184,7
3324,34,-62
3325,58,-3
3326,175,-69
3327,422,-33
3328,490,8
3329,666,-122
3330,787,-118
3331,935,-187
3332,1128,-228
3333,1111,-175
3334,1260,-234
3335,1424,-205
3336,1530,-222
3337,1695,-218
3338,1688,-142
3339,1785,-216
3340,1878,-203
3341,1909,-233
3342,2119,-304
3343,2185,-244
3344,2201,-309
3345,2190,-308
3346,2150,-264
3347,2310,-307
3348,2294,-269
3349,2251,-319
3350,2307,-322
3351,2212,-275
3352,2248,-320
3353,2233,-267
3354,2148,-326
3355,2180,-383
3356,2088,-318
3357,2046,-351
3358,1961,-271
3359,1832,-248
3360,1828,-299
3361,1673,-215
3362,1616,-241
3363,1547,-194
3364,1316,-125
3365,1301,-157
3366,1208,-100
3367,1091,-147
3368,1018,-115
3369,758,-25
3370,608,-99
3371,446,-81
3372,307,-70
3373,224,-17
3374,7,50
3375,-17,-8
3376,-134,59
3377,-382,22
3378,-450,-19
3379,-625,111
3380,-745,108
3381,-893,177
3382,-1086,217
3383,-1070,164
3384,-1219,223
3385,-1382,195
3386,-1489,212
3387,-1655,209
3388,-1647,133
3389,-1745,205
3390,-1837,193
3391,-1868,224
3392,-2078,293
3393,-2144,233
3394,-2160,300
3395,-2148,298
3396,-2109,253
3397,-2269,296
3398,-2254,259
3399,-2211,309
3400,-2266,312
3401,-2172,265
3402,-2207,310
3403,-2192,257
3404,-2107,316
3405,-2139,373
3406,-2047,308
3407,-2005,340
3408,-1920,260
3409,-1792,237
3410,-1787,288
3411,-1633,205
3412,-1575,230
3413,-1507,184
3414,-1276,116
3415,-1259,147
3416,-1167,90
3417,-1050,136
3418,-977,104
3419,-717,13
3420,-568,88
3421,-405,71
3422,-265,60
3423,-184,7
3424,34,-62
3425,58,-3
3426,175,-69
3427,422,-33
3428,490,8
3429,666,-122
3430,787,-118
3431,935,-187
3432,1128,-228
3433,1111,-175
3434,1260,-234
3435,1424,-205
3436,1530,-222
3437,1695,-218
3438,1688,-142
3439,1785,-216
3440,1878,-203
3441,1909,-233
3442,2119,-304
3443,2185,-244
3444,2201,-309
3445,2190,-308
3446,2150,-264
3447,2310,-307
3448,2294,-269
3449,2251,-319
3450,2307,-322
3451,2212,-275
3452,2248,-320
3453,2233,-267
3454,2148,-326
3455,2180,-383
3456,2088,-318
3457,2046,-351
3458,1961,-271
3459,1832,-248
3460,1828,-299
3461,1673,-215
3462,1616,-241
3463,1547,-194
3464,1316,-125
3465,1301,-157
3466,1208,-100
3467,1091,-147
3468,1018,-115
3469,758,-25
3470,608,-99
3471,446,-81
3472,307,-70
3473,224,-17
3474,7,50
3475,-17,-8
3476,-134,59
3477,-382,22
3478,-450,-19
3479,-625,111
3480,-745,108
3481,-893,177
3482,-1086,217
3483,-1070,164
3484,-1219,223
3485,-1382,195
3486,-1489,212
3487,-1655,209
3488,-1647,133
3489,-1745,205
3490,-1837,193
3491,-1868,224
3492,-2078,293
3493,-2144,233
3494,-2160,300
3495,-2148,298
3496,-2109,253
3497,-2269,296
3498,-2254,259
3499,-2211,309
3500,-2266,312
3501,-2172,265
3502,-2207,310
3503,-2192,257
3504,-2107,316
3505,-2139,373
3506,-2047,308
3507,-2005,340
3508,-1920,260
3509,-1792,237
3510,-1787,288
3511,-1633,205
3512,-1575,230
3513,-1507,184
3514,-1276,116
3515,-1259,147
3516,-1167,90
3517,-1050,136
3518,-977,104
3519,-717,13
3520,-568,88
3521,-405,71
3522,-265,60
3523,-184,7
3524,34,-62
3525,58,-3
3526,175,-69
3527,422,-33
3528,490,8
3529,666,-122
3530,787,-118
3531,935,-187
3532,1128,-228
3533,1111,-175
3534,1260,-234
3535,1424,-205
3536,1530,-222
3537,1695,-218
3538,1688,-142
3539,1785,-216
3540,1878,-203
3541,1909,-233
3542,2119,-304
3543,2185,-244
3544,2201,-309
3545,2190,-308
3546,2150,-264
3547,2310,-307
3548,2294,-269
3549,2251,-319
3550,2307,-322
3551,2212,-275
3552,2248,-320
3553,2233,-267
3554,2148,-326
3555,2180,-383
3556,2088,-318
3557,2046,-351
3558,1961,-271
3559,1832,-248
3560,1828,-299
3561,1673,-215
3562,1616,-241
3563,1547,-194
3564,1316,-125
3565,1301,-157
3566,1208,-100
3567,1091,-147
3568,1018,-115
3569,758,-25
3570,608,-99
3571,446,-81
3572,307,-70
3573,224,-17
3574,7,50
3575,-17,-8
3576,-134,59
3577,-382,22
3578,-450,-19
3579,-625,111
3580,-745,108
3581,-893,177
3582,-1086,217
3583,-1070,164
3584,-1219,223
3585,-1382,195
3586,-1489,212
3587,-1655,209
3588,-1647,133
3589,-1745,205
3590,-1837,193
3591,-1868,224
3592,-2078,293
3593,-2144,233
3594,-2160,300
3595,-2148,298
3596,-2109,253
3597,-2269,296
3598,-2254,259
3599,-2211,309
3600,-2266,312
3601,-2172,265
3602,-2207,310
3603,-2192,257
3604,-2107,316
3605,-2139,373
3606,-2047,308
3607,-2005,340
3608,-1920,260
3609,-1792,237
3610,-1787,288
3611,-1633,205
3612,-1575,230
3613,-1507,184
3614,-1276,116
3615,-1259,147
3616,-1167,90
3617,-1050,136
3618,-977,104
3619,-717,13
3620,-568,88
3621,-405,71
3622,-265,60
3623,-184,7
3624,34,-62
3625,58,-3
3626,175,-69
3627,422,-33
3628,490,8
3629,666,-122
3630,787,-118
3631,935,-187
3632,1128,-228
3633,1111,-175
3634,1260,-234
3635,1424,-205
3636,1530,-222
3637,1695,-218
3638,1688,-142
3639,1785,-216
3640,1878,-203
3641,1909,-233
3642,2119,-304
3643,2185,-244
3644,2201,-309
3645,2190,-308
3646,2150,-264
3647,2310,-307
3648,2294,-269
3649,2251,-319
3650,2307,-322
3651,2212,-275
3652,2248,-320
3653,2233,-267
3654,2148,-326
3655,2180,-383
3656,2088,-318
3657,2046,-351
3658,1961,-271
3659,1832,-248
3660,1828,-299
3661,1673,-215
3662,1616,-241
3663,1547,-194
3664,1316,-125
3665,1301,-157
3666,1208,-100
3667,1091,-147
3668,1018,-115
3669,758,-25
3670,608,-99
3671,446,-81
3672,307,-70
3673,224,-17
3674,7,50
3675,-17,-8
3676,-134,59
3677,-382,22
3678,-450,-19
3679,-625,111
3680,-745,108
3681,-893,177
3682,-1086,217
3683,-1070,164
3684,-1219,223
3685,-1382,195
3686,-1489,212
3687,-1655,209
3688,-1647,133
3689,-1745,205
3690,-1837,193
3691,-1868,224
3692,-2078,293
3693,-2144,233
3694,-2160,300
3695,-2148,298
3696,-2109,253
3697,-2269,296
3698,-2254,259
3699,-2211,309
3700,-2266,312
3701,-2172,265
3702,-2207,310
3703,-2192,257
3704,-2107,316
3705,-2139,373
3706,-2047,308
3707,-2005,340
3708,-1920,260
3709,-1792,237
3710,-1787,288
3711,-1633,205
3712,-1575,230
3713,-1507,184
3714,-1276,116
3715,-1259,147
3716,-1167,90
3717,-1050,136
3718,-977,104
3719,-717,13
3720,-568,88
3721,-405,71
3722,-265,60
3723,-184,7
3724,34,-62
3725,58,-3
3726,175,-69
3727,422,-33
3728,490,8
3729,666,-122
3730,787,-118
3731,935,-187
3732,1128,-228
3733,1111,-175
3734,1260,-234
3735,1424,-205
3736,1530,-222
3737,1695,-218
3738,1688,-142
3739,1785,-216
3740,1878,-203
3741,1909,-233
3742,2119,-304
3743,2185,-244
3744,2201,-309
3745,2190,-308
3746,2150,-264
3747,2310,-307
3748,2294,-269
3749,2251,-319
3750,2307,-322
3751,2212,-275
3752,2248,-320
3753,2233,-267
3754,2148,-326
3755,2180,-383
3756,2088,-318
3757,2046,-351
3758,1961,-271
3759,1832,-248
3760,1828,-299
3761,1673,-215
3762,1616,-241
3763,1547,-194
3764,1316,-125
3765,1301,-157
3766,1208,-100
3767,1091,-147
3768,1018,-115
3769,758,-25
3770,608,-99
3771,446,-81
3772,307,-70
3773,224,-17
3774,7,50
3775,-17,-8
3776,-134,59
3777,-382,22
3778,-450,-19
3779,-625,111
3780,-745,108
3781,-893,177
3782,-1086,217
3783,-1070,164
3784,-1219,223
3785,-1382,195
3786,-1489,212
3787,-1655,209
3788,-1647,133
3789,-1745,205
3790,-1837,193
3791,-1868,224
3792,-2078,293
3793,-2144,233
3794,-2160,300
3795,-2148,298
3796,-2109,253
3797,-2269,296
3798,-2254,259
3799,-2211,309
3800,-2266,312
3801,-2172,265
3802,-2207,310
3803,-2192,257
3804,-2107,316
3805,-2139,373
3806,-2047,308
3807,-2005,340
3808,-1920,260
3809,-1792,237
3810,-1787,288
3811,-1633,205
3812,-1575,230
3813,-1507,184
3814,-1276,116
3815,-1259,147
3816,-1167,90
3817,-1050,136
3818,-977,104
3819,-717,13
3820,-568,88
3821,-405,71
3822,-265,60
3823,-184,7
3824,34,-62
3825,58,-3
3826,175,-69
3827,422,-33
3828,490,8
3829,666,-122
3830,787,-118
3831,935,-187
3832,1128,-228
3833,1111,-175
3834,1260,-234
3835,1424,-205
3836,1530,-222
3837,1695,-218
3838,1688,-142
3839,1785,-216
3840,1878,-203
3841,1909,-233
3842,2119,-304
3843,2185,-244
3844,2201,-309
3845,2190,-308
3846,2150,-264
3847,2310,-307
3848,2294,-269
3849,2251,-319
3850,2307,-322
3851,2212,-275
3852,2248,-320
3853,2233,-267
3854,2148,-326
3855,2180,-383
3856,2088,-318
3857,2046,-351
3858,1961,-271
3859,1832,-248
3860,1828,-299
3861,1673,-215
3862,1616,-241
3863,1547,-194
3864,1316,-125
3865,1301,-157
3866,1208,-100
3867,1091,-147
3868,1018,-115
3869,758,-25
3870,608,-99
3871,446,-81
3872,307,-70
3873,224,-17
3874,7,50
3875,-17,-8
3876,-134,59
3877,-382,22
3878,-450,-19
3879,-625,111
3880,-745,108
3881,-893,177
3882,-1086,217
3883,-1070,164
3884,-1219,223
3885,-1382,195
3886,-1489,212
3887,-1655,209
3888,-1647,133
3889,-1745,205
3890,-1837,193
3891,-1868,224
3892,-2078,293
3893,-2144,233
3894,-2160,300
3895,-2148,298
3896,-2109,253
3897,-2269,296
3898,-2254,259
3899,-2211,309
3900,-2266,312
3901,-2172,265
3902,-2207,310
3903,-2192,257
3904,-2107,316
3905,-2139,373
3906,-2047,308
3907,-2005,340
3908,-1920,260
3909,-1792,237
3910,-1787,288
3911,-1633,205
3912,-1575,230
3913,-1507,184
3914,-1276,116
3915,-1259,147
3916,-1167,90
3917,-1050,136
3918,-977,104
3919,-717,13
3920,-568,88
3921,-405,71
3922,-265,60
3923,-184,7
3924,34,-62
3925,58,-3
3926,175,-69
3927,422,-33
3928,490,8
3929,666,-122
3930,787,-118
3931,935,-187
3932,1128,-228
3933,1111,-175
3934,1260,-234
3935,1424,-205
3936,1530,-222
3937,1695,-218
3938,1688,-142
3939,1785,-216
3940,1878,-203
3941,1909,-233
3942,2119,-304
3943,2185,-244
3944,2201,-309
3945,2190,-308
3946,2150,-264
3947,2310,-307
3948,2294,-269
3949,2251,-319
3950,2307,-322
3951,2212,-275
3952,2248,-320
3953,2233,-267
3954,2148,-326
3955,2180,-383
3956,2088,-318
3957,2046,-351
3958,1961,-271
3959,1832,-248
3960,1828,-299
3961,1673,-215
3962,1616,-241
3963,1547,-194
3964,1316,-125
3965,1301,-157
3966,1208,-100
3967,1091,-147
3968,1018,-115
3969,758,-25
3970,608,-99
3971,446,-81
3972,307,-70
3973,224,-17
3974,7,50
3975,-17,-8
3976,-134,59
3977,-382,22
3978,-450,-19
3979,-625,111
3980,-745,108
3981,-893,177
3982,-1086,217
3983,-1070,164
3984,-1219,223
3985,-1382,195
3986,-1489,212
3987,-1655,209
3988,-1647,133
3989,-1745,205
3990,-1837,193
3991,-1868,224
3992,-2078,293
3993,-2144,233
3994,-2160,300
3995,-2148,298
3996,-2109,253
3997,-2269,296
3998,-2254,259
3999,-2211,309
4000,-2266,312
4001,-2172,265
4002,-2207,310
4003,-2192,257
4004,-2107,316
4005,-2139,373
4006,-2047,308
4007,-2005,340
4008,-1920,260
4009,-1792,237
4010,-1787,288
4011,-1633,205
4012,-1575,230
4013,-1507,184
4014,-1276,116
4015,-1259,147
4016,-1167,90
4017,-1050,136
4018,-977,104
4019,-717,13
4020,-568,88
4021,-405,71
4022,-265,60
4023,-184,7
4024,34,-62
4025,58,-3
4026,175,-69
4027,422,-33
4028,490,8
4029,666,-122
4030,787,-118
4031,935,-187
4032,1128,-228
4033,1111,-175
4034,1260,-234
4035,1424,-205
4036,1530,-222
4037,1695,-218
4038,1688,-142
4039,1785,-216
4040,1878,-203
4041,1909,-233
4042,2119,-304
4043,2185,-244
4044,2201,-309
4045,2190,-308
4046,2150,-264
4047,2310,-307
4048,2294,-269
4049,2251,-319
4050,2307,-322
4051,2212,-275
4052,2248,-320
4053,2233,-267
4054,2148,-326
4055,2180,-383
4056,2088,-318
4057,2046,-351
4058,1961,-271
4059,1832,-248
4060,1828,-299
4061,1673,-215
4062,1616,-241
4063,1547,-194
4064,1316,-125
4065,1301,-157
4066,1208,-100
4067,1091,-147
4068,1018,-115
4069,758,-25
4070,608,-99
4071,446,-81
4072,307,-70
4073,224,-17
4074,7,50
4075,-17,-8
4076,-134,59
4077,-382,22
4078,-450,-19
4079,-625,111
4080,-745,108
4081,-893,177
4082,-1086,217
4083,-1070,164
4084,-1219,223
4085,-1382,195
4086,-1489,212
4087,-1655,209
4088,-1647,133
4089,-1745,205
4090,-1837,193
4091,-1868,224
4092,-2078,293
4093,-2144,233
4094,-2160,300
4095,-2148,298
