cycle,range_bin,doppler_bin,output_hex
1035995000,0,0,0024ffdd
1036005000,0,1,fff7002d
1036015000,0,2,007d0098
1036025000,0,3,ff1afe23
1036035000,0,4,00130108
1036045000,0,5,ff530243
1036055000,0,6,0274fb9d
1036065000,0,7,fee40370
1036075000,0,8,fe98ff6f
1036085000,0,9,ff8bffa9
1036095000,0,10,03dffdd0
1036105000,0,11,fe3c042d
1036115000,0,12,fdddfcc0
1036125000,0,13,00ff00cb
1036135000,0,14,015400f7
1036145000,0,15,ff22ff4c
1038025000,0,16,ffedfff1
1038035000,0,17,00880078
1038045000,0,18,fe31ffb7
1038055000,0,19,026c00de
1038065000,0,20,fd2afd6f
1038075000,0,21,0293ffc3
1038085000,0,22,fef10677
1038095000,0,23,ff6efadf
1038105000,0,24,008900ad
1038115000,0,25,017a0014
1038125000,0,26,fdc301a1
1038135000,0,27,020cff8e
1038145000,0,28,fce0ffbb
1038155000,0,29,025f00b1
1038165000,0,30,fe73fff1
1038175000,0,31,008effbd
1040055000,1,0,ffcd0030
1040065000,1,1,009d0057
1040075000,1,2,fecbff41
1040085000,1,3,0110007a
1040095000,1,4,0148ff8e
1040105000,1,5,fd2e0229
1040115000,1,6,ffe5fd1c
1040125000,1,7,0483ffb6
1040135000,1,8,fb2f02ce
1040145000,1,9,02110069
1040155000,1,10,0095fb47
1040165000,1,11,ffd003b8
1040175000,1,12,fdfcfdac
1040185000,1,13,011801c3
1040195000,1,14,0023003c
1040205000,1,15,0001ff54
1042085000,1,16,004fffd0
1042095000,1,17,0078fee5
1042105000,1,18,fed201e1
1042115000,1,19,0097fe5a
1042125000,1,20,00ab0130
1042135000,1,21,ff73febb
1042145000,1,22,00f301a4
1042155000,1,23,fea60124
1042165000,1,24,fe03fe84
1042175000,1,25,0184fea7
1042185000,1,26,ff1cffeb
1042195000,1,27,03210146
1042205000,1,28,fc5fff84
1042215000,1,29,017d0025
1042225000,1,30,0053ff88
1042235000,1,31,fef600b0
1044115000,2,0,00260082
1044125000,2,1,ff99ff96
1044135000,2,2,016e0095
1044145000,2,3,0034ff2d
1044155000,2,4,fce100d7
1044165000,2,5,0276ff6c
1044175000,2,6,00a0ffaa
1044185000,2,7,fdc400b8
1044195000,2,8,01dcffc4
1044205000,2,9,fe1901ae
1044215000,2,10,0304fcf3
1044225000,2,11,fe240203
1044235000,2,12,0031fe2f
1044245000,2,13,fefc0150
1044255000,2,14,0182006a
1044265000,2,15,ff18ff30
1046145000,2,16,005bff79
1046155000,2,17,0004ffcc
1046165000,2,18,fef70100
1046175000,2,19,0136fe70
1046185000,2,20,ffb80156
1046195000,2,21,01b1feff
1046205000,2,22,fdac03d6
1046215000,2,23,fdfafa69
1046225000,2,24,0289032f
1046235000,2,25,feacfecc
1046245000,2,26,004dffb2
1046255000,2,27,00d60062
1046265000,2,28,fee0fe8e
1046275000,2,29,020f0245
1046285000,2,30,fda4feac
1046295000,2,31,006a0079
1048175000,3,0,ffe10086
1048185000,3,1,0026ffcd
1048195000,3,2,00990030
1048205000,3,3,ffe4ff8a
1048215000,3,4,fe7100c5
1048225000,3,5,0179ffc6
1048235000,3,6,ff2ffd5e
1048245000,3,7,01ed0473
1048255000,3,8,fbd9fdf4
1048265000,3,9,037800d1
1048275000,3,10,0033fe0a
1048285000,3,11,ff4202c0
1048295000,3,12,ffa5fc5d
1048305000,3,13,ffa90298
1048315000,3,14,00950004
1048325000,3,15,ffcdff0f
1050205000,3,16,00fdffc2
1050215000,3,17,ff790028
1050225000,3,18,ffa70037
1050235000,3,19,ff03000a
1050245000,3,20,015cfe75
1050255000,3,21,00850151
1050265000,3,22,fe83fec3
1050275000,3,23,029e02b0
1050285000,3,24,f995fb6c
1050295000,3,25,072302fc
1050305000,3,26,fd0dfef3
1050315000,3,27,006300bc
1050325000,3,28,ff8efe5d
1050335000,3,29,00ef0193
1050345000,3,30,ff8dffbb
1050355000,3,31,ff0cffba
1052235000,4,0,ffcb0066
1052245000,4,1,0050fffb
1052255000,4,2,ffe0fed3
1052265000,4,3,ffa40100
1052275000,4,4,00b60022
1052285000,4,5,fe7cffd3
1052295000,4,6,0039000a
1052305000,4,7,02ccfed9
1052315000,4,8,f9eb01a6
1052325000,4,9,061800f3
1052335000,4,10,fd90fe8d
1052345000,4,11,00fa013e
1052355000,4,12,fedcfd16
1052365000,4,13,015401e7
1052375000,4,14,fee700b2
1052385000,4,15,0086fee1
1054265000,4,16,0016ffea
1054275000,4,17,0041ffa2
1054285000,4,18,000b0138
1054295000,4,19,ff6aff83
1054305000,4,20,001fff0e
1054315000,4,21,feb400ab
1054325000,4,22,02910079
1054335000,4,23,fe2b01c7
1054345000,4,24,fd2afd74
1054355000,4,25,06d7ff6e
1054365000,4,26,fb1d0056
1054375000,4,27,04a2003b
1054385000,4,28,f9bd02cc
1054395000,4,29,03c4fe85
1054405000,4,30,fef3ffa1
1054415000,4,31,ffb1005b
1056295000,5,0,ffbd003f
1056305000,5,1,0098007e
1056315000,5,2,fed5fe93
1056325000,5,3,00f30177
1056335000,5,4,0051febd
1056345000,5,5,fe7d0440
1056355000,5,6,019bfb1a
1056365000,5,7,014cff8a
1056375000,5,8,fd6b039f
1056385000,5,9,0104fdc4
1056395000,5,10,ff77ffa3
1056405000,5,11,0059012b
1056415000,5,12,ffa3ff59
1056425000,5,13,0073002a
1056435000,5,14,ffcd0094
1056445000,5,15,000cff50
1058325000,5,16,00a20046
1058335000,5,17,006fff8c
1058345000,5,18,fd68015d
1058355000,5,19,02c6fcac
1058365000,5,20,fffb02b4
1058375000,5,21,ff45fea6
1058385000,5,22,ff1200ce
1058395000,5,23,02840190
1058405000,5,24,fdbcfc60
1058415000,5,25,02e10144
1058425000,5,26,0016fff3
1058435000,5,27,fd92012a
1058445000,5,28,00af000e
1058455000,5,29,ff4ffebe
1058465000,5,30,02100082
1058475000,5,31,fe78ffbe
1060355000,6,0,0082ff86
1060365000,6,1,ff1800e6
1060375000,6,2,0081fef2
1060385000,6,3,015c009b
1060395000,6,4,fe04feb0
1060405000,6,5,009a013d
1060415000,6,6,010efe57
1060425000,6,7,fc9002f3
1060435000,6,8,030aff5e
1060445000,6,9,ffb8fc76
1060455000,6,10,fef904e4
1060465000,6,11,0254fd7b
1060475000,6,12,fcf800d0
1060485000,6,13,019efe6f
1060495000,6,14,00080137
1060505000,6,15,ffa00027
1062385000,6,16,00780011
1062395000,6,17,ff34004c
1062405000,6,18,fffaff6d
1062415000,6,19,00c70042
1062425000,6,20,fe0dfea3
1062435000,6,21,027d02f2
1062445000,6,22,fc5cfe46
1062455000,6,23,057b013c
1062465000,6,24,f8b2fc3f
1062475000,6,25,0562022c
1062485000,6,26,002cfeeb
1062495000,6,27,fe690180
1062505000,6,28,ffd5fe91
1062515000,6,29,008901b2
1062525000,6,30,ffcaff4e
1062535000,6,31,ff91ffc6
1064415000,7,0,ff65ffee
1064425000,7,1,00aa005c
1064435000,7,2,ffd7003b
1064445000,7,3,fffbffa2
1064455000,7,4,fe6cffd3
1064465000,7,5,031f022a
1064475000,7,6,feccfb03
1064485000,7,7,00dd0534
1064495000,7,8,fcd3fe16
1064505000,7,9,01c8fd94
1064515000,7,10,01f902e7
1064525000,7,11,feb5fff0
1064535000,7,12,fdd4fde9
1064545000,7,13,02030176
1064555000,7,14,ff8c004b
1064565000,7,15,003fff7a
1066445000,7,16,00480050
1066455000,7,17,0009ff92
1066465000,7,18,fe4c01c7
1066475000,7,19,0141fc4b
1066485000,7,20,00a20287
1066495000,7,21,ff50fe69
1066505000,7,22,0034009d
1066515000,7,23,03840148
1066525000,7,24,fc3aff7e
1066535000,7,25,007b0044
1066545000,7,26,fed2fda3
1066555000,7,27,02d1ffa5
1066565000,7,28,ff00039f
1066575000,7,29,0050fd79
1066585000,7,30,ff220035
1066595000,7,31,00aeffb0
1068475000,8,0,ffb70007
1068485000,8,1,0039007c
1068495000,8,2,000c00ac
1068505000,8,3,fed5fd66
1068515000,8,4,01630101
1068525000,8,5,004b045d
1068535000,8,6,fddffb1d
1068545000,8,7,013bfff2
1068555000,8,8,00670371
1068565000,8,9,019ffd88
1068575000,8,10,fd5c0286
1068585000,8,11,0261fc42
1068595000,8,12,fd5b0043
1068605000,8,13,02b9021b
1068615000,8,14,fd8dff35
1068625000,8,15,0103ffaa
1070505000,8,16,0021ffc0
1070515000,8,17,0088000a
1070525000,8,18,fedb011e
1070535000,8,19,ffccfe84
1070545000,8,20,01a00014
1070555000,8,21,feccfc60
1070565000,8,22,01cc0642
1070575000,8,23,fd17fdb6
1070585000,8,24,0179fd86
1070595000,8,25,03b20270
1070605000,8,26,fc39fdda
1070615000,8,27,03140372
1070625000,8,28,fc5efcbe
1070635000,8,29,017202fa
1070645000,8,30,fff8fdf6
1070655000,8,31,fff10068
1072535000,9,0,ff89003d
1072545000,9,1,00460071
1072555000,9,2,0076ffc4
1072565000,9,3,ff900112
1072575000,9,4,ff17fdeb
1072585000,9,5,016f0256
1072595000,9,6,010bfd4a
1072605000,9,7,ffd50316
1072615000,9,8,fc91fdf7
1072625000,9,9,02e4ffc9
1072635000,9,10,01aefebe
1072645000,9,11,fca002ba
1072655000,9,12,004ffe59
1072665000,9,13,00570004
1072675000,9,14,00410154
1072685000,9,15,001bfef2
1074565000,9,16,004bffd7
1074575000,9,17,ff730074
1074585000,9,18,ffcdfeb5
1074595000,9,19,01fe0249
1074605000,9,20,fd93fdfa
1074615000,9,21,00b7fe2f
1074625000,9,22,0036028e
1074635000,9,23,032fff58
1074645000,9,24,fbf10153
1074655000,9,25,01fdfeba
1074665000,9,26,fe79fe5b
1074675000,9,27,03e8039b
1074685000,9,28,fb99fcb8
1074695000,9,29,0171022f
1074705000,9,30,ff8cfece
1074715000,9,31,00530000
1076595000,10,0,0036004a
1076605000,10,1,fee4ffae
1076615000,10,2,01d300ba
1076625000,10,3,ffc9ffc9
1076635000,10,4,fe13fee6
1076645000,10,5,02e90074
1076655000,10,6,fcdb01e8
1076665000,10,7,00f9fde3
1076675000,10,8,00e60036
1076685000,10,9,01de0198
1076695000,10,10,fbe9fed8
1076705000,10,11,02afffd1
1076715000,10,12,ff5dffa6
1076725000,10,13,004dffd2
1076735000,10,14,ff2d014a
1076745000,10,15,0047ff27
1078625000,10,16,002effb9
1078635000,10,17,0012006b
1078645000,10,18,fdcfffcc
1078655000,10,19,035bfe87
1078665000,10,20,fe2b007f
1078675000,10,21,0139fe13
1078685000,10,22,00c50461
1078695000,10,23,feabfed4
1078705000,10,24,fe3aff77
1078715000,10,25,046afe17
1078725000,10,26,fc47020c
1078735000,10,27,02b5fe7b
1078745000,10,28,fc7d0085
1078755000,10,29,03b3ffe7
1078765000,10,30,fe350023
1078775000,10,31,004dfffe
1080655000,11,0,ffcc0042
1080665000,11,1,0019006f
1080675000,11,2,00eaff0f
1080685000,11,3,fe1f010a
1080695000,11,4,0030febc
1080705000,11,5,01aefffd
1080715000,11,6,ff16027c
1080725000,11,7,ff96fdaf
1080735000,11,8,ff780078
1080745000,11,9,032d01ad
1080755000,11,10,fc48fcef
1080765000,11,11,02cf0088
1080775000,11,12,febc02ba
1080785000,11,13,feb8fd1b
1080795000,11,14,01a8016e
1080805000,11,15,ffb0ff73
1082685000,11,16,ffe2ff96
1082695000,11,17,00d7ffb3
1082705000,11,18,fe2d00f1
1082715000,11,19,00e5ff2e
1082725000,11,20,fec4ff23
1082735000,11,21,02690026
1082745000,11,22,00aa0079
1082755000,11,23,fddf016f
1082765000,11,24,ff1afe12
1082775000,11,25,039fff2f
1082785000,11,26,fc8f0283
1082795000,11,27,02ddfe72
1082805000,11,28,fe440201
1082815000,11,29,0005fdbc
1082825000,11,30,ffa6005f
1082835000,11,31,002b0075
1084715000,12,0,ffa5ffca
1084725000,12,1,00830144
1084735000,12,2,ffc1fdb2
1084745000,12,3,ffbb02b0
1084755000,12,4,fff2fd05
1084765000,12,5,ff5f036f
1084775000,12,6,032afd5a
1084785000,12,7,fd540072
1084795000,12,8,fe6701c4
1084805000,12,9,0347ffbc
1084815000,12,10,ffcdfd3a
1084825000,12,11,004d015c
1084835000,12,12,fdf6015d
1084845000,12,13,fff3fda1
1084855000,12,14,012c015a
1084865000,12,15,ffb0ffe2
1086745000,12,16,00a8ff77
1086755000,12,17,00240110
1086765000,12,18,fe8efff4
1086775000,12,19,00a1fece
1086785000,12,20,0169005a
1086795000,12,21,fc73fddc
1086805000,12,22,053c02e0
1086815000,12,23,fcc9fe6b
1086825000,12,24,feda0131
1086835000,12,25,0490fda4
1086845000,12,26,fcf60178
1086855000,12,27,01bbfed4
1086865000,12,28,fe0901da
1086875000,12,29,01a1fdfc
1086885000,12,30,ff7c0198
1086895000,12,31,ff53ff27
1088775000,13,0,ffccffcd
1088785000,13,1,00ed0068
1088795000,13,2,fe73ff6e
1088805000,13,3,01130031
1088815000,13,4,feb2fe08
1088825000,13,5,0075056c
1088835000,13,6,018ef9b3
1088845000,13,7,fe2e03c4
1088855000,13,8,00b60125
1088865000,13,9,ff0dfc72
1088875000,13,10,01d10050
1088885000,13,11,001902b9
1088895000,13,12,fd28fe6a
1088905000,13,13,01d5002e
1088915000,13,14,0072000b
1088925000,13,15,ffc2fffe
1090805000,13,16,00beffee
1090815000,13,17,fefa0049
1090825000,13,18,005cffde
1090835000,13,19,00d5ff4a
1090845000,13,20,fe59006d
1090855000,13,21,024c00d1
1090865000,13,22,fed2017e
1090875000,13,23,0018ffd5
1090885000,13,24,fde2ff56
1090895000,13,25,fffafd19
1090905000,13,26,03580252
1090915000,13,27,fb8dff48
1090925000,13,28,039b00f7
1090935000,13,29,fe78ff55
1090945000,13,30,00e60082
1090955000,13,31,feee0029
1092835000,14,0,ff7d0027
1092845000,14,1,010fffea
1092855000,14,2,ffa400f7
1092865000,14,3,fe85fee8
1092875000,14,4,021cffae
1092885000,14,5,fea8016a
1092895000,14,6,00e6fef6
1092905000,14,7,fe98ff05
1092915000,14,8,0165039f
1092925000,14,9,fec7fdfe
1092935000,14,10,01defe67
1092945000,14,11,ff650238
1092955000,14,12,0076fe14
1092965000,14,13,fdae0142
1092975000,14,14,01ecffa4
1092985000,14,15,ff8affc7
1094865000,14,16,0047ffd2
1094875000,14,17,0089003a
1094885000,14,18,fda50108
1094895000,14,19,02ebfcb5
1094905000,14,20,fec601a2
1094915000,14,21,00c400ab
1094925000,14,22,ff1cff9e
1094935000,14,23,022c01dc
1094945000,14,24,fac1fc2c
1094955000,14,25,04250286
1094965000,14,26,ff6dfdf4
1094975000,14,27,0015fffb
1094985000,14,28,002e005c
1094995000,14,29,ffc6ff15
1095005000,14,30,00de01e2
1095015000,14,31,ff44feec
1096895000,15,0,00120019
1096905000,15,1,0022ff0b
1096915000,15,2,004701f6
1096925000,15,3,00cfffb0
1096935000,15,4,fcf1fdbf
1096945000,15,5,02f800be
1096955000,15,6,ffb501a5
1096965000,15,7,fce8ffb1
1096975000,15,8,03e400dd
1096985000,15,9,fef8fdb1
1096995000,15,10,000f0000
1097005000,15,11,ffbb022e
1097015000,15,12,ff99fdb3
1097025000,15,13,003e0146
1097035000,15,14,0065ff75
1097045000,15,15,ff4e0039
1098925000,15,16,007fffdd
1098935000,15,17,ff23000f
1098945000,15,18,00a7fffa
1098955000,15,19,ff4fff4f
1098965000,15,20,016bff4b
1098975000,15,21,01ce0213
1098985000,15,22,f9ab01e7
1098995000,15,23,0532fd47
1099005000,15,24,fd7b001b
1099015000,15,25,00dfff37
1099025000,15,26,ff49ff98
1099035000,15,27,013f0101
1099045000,15,28,fe9fffc9
1099055000,15,29,00f00087
1099065000,15,30,ffd1ff33
1099075000,15,31,ffd00041
1100955000,16,0,0017002b
1100965000,16,1,ffb20001
1100975000,16,2,00160008
1100985000,16,3,ffc5fefa
1100995000,16,4,ffd900dd
1101005000,16,5,fe9b0276
1101015000,16,6,02c6fc2a
1101025000,16,7,005802e0
1101035000,16,8,fbbfffaf
1101045000,16,9,03a6fceb
1101055000,16,10,ffec04e2
1101065000,16,11,00ebfe32
1101075000,16,12,fc75fd51
1101085000,16,13,03bd021a
1101095000,16,14,fe14ffec
1101105000,16,15,0048ff70
1102985000,16,16,003e002a
1102995000,16,17,0072004f
1103005000,16,18,fdf20013
1103015000,16,19,01f4ff78
1103025000,16,20,ff98ffb3
1103035000,16,21,fe16fede
1103045000,16,22,0471018a
1103055000,16,23,fd5701a8
1103065000,16,24,ff48fc3c
1103075000,16,25,04b20227
1103085000,16,26,fcf4ff6d
1103095000,16,27,026600f6
1103105000,16,28,fb6a000f
1103115000,16,29,04260020
1103125000,16,30,fe21ffe6
1103135000,16,31,006fffae
1105015000,17,0,ffae0061
1105025000,17,1,0058ffd9
1105035000,17,2,0054fff0
1105045000,17,3,fe930079
1105055000,17,4,012fff0f
1105065000,17,5,fe4bffcc
1105075000,17,6,018500c9
1105085000,17,7,015300cd
1105095000,17,8,fa94006f
1105105000,17,9,0504fe0f
1105115000,17,10,00ce00c4
1105125000,17,11,fdaf00b5
1105135000,17,12,ff5bfed1
1105145000,17,13,0181000c
1105155000,17,14,ff350173
1105165000,17,15,009bfea5
1107045000,17,16,00c50001
1107055000,17,17,ff720023
1107065000,17,18,feb5ffea
1107075000,17,19,024a00b6
1107085000,17,20,fddcfdd9
1107095000,17,21,02ca00af
1107105000,17,22,fc64025a
1107115000,17,23,0329fdd5
1107125000,17,24,fca1022f
1107135000,17,25,034efbf1
1107145000,17,26,00990436
1107155000,17,27,fddafe74
1107165000,17,28,ff62003f
1107175000,17,29,008a0135
1107185000,17,30,0022fec6
1107195000,17,31,ff370061
1109075000,18,0,ffe60003
1109085000,18,1,002dfff1
1109095000,18,2,00cd0039
1109105000,18,3,ffa2ffce
1109115000,18,4,fd55003e
1109125000,18,5,0451ff23
1109135000,18,6,febd0040
1109145000,18,7,fd4601b1
1109155000,18,8,023efea3
1109165000,18,9,ff23005b
1109175000,18,10,02edffdf
1109185000,18,11,fda4ffbe
1109195000,18,12,ff8f0028
1109205000,18,13,0047ffc1
1109215000,18,14,0119fff4
1109225000,18,15,fef4003b
1111105000,18,16,ffbbff2a
1111115000,18,17,002d00b0
1111125000,18,18,00c9fee7
1111135000,18,19,ffb00251
1111145000,18,20,ff06fd06
1111155000,18,21,0101011d
1111165000,18,22,ff86ffc7
1111175000,18,23,0274010c
1111185000,18,24,f9ff0130
1111195000,18,25,06edfc16
1111205000,18,26,fc050153
1111215000,18,27,01f4002b
1111225000,18,28,ffdcfef8
1111235000,18,29,ff810101
1111245000,18,30,00a8ffbf
1111255000,18,31,ffe4007c
1113135000,19,0,00420005
1113145000,19,1,fec50098
1113155000,19,2,02eefef1
1113165000,19,3,fe430108
1113175000,19,4,fde0ff13
1113185000,19,5,0241ffbe
1113195000,19,6,0163ff90
1113205000,19,7,fcd203a7
1113215000,19,8,0026fc63
1113225000,19,9,01dd0170
1113235000,19,10,0024ffdd
1113245000,19,11,002d0012
1113255000,19,12,fe88ff5d
1113265000,19,13,ffe50006
1113275000,19,14,014b00e2
1113285000,19,15,ff66ff5b
1115165000,19,16,005effad
1115175000,19,17,ffc80081
1115185000,19,18,fe430065
1115195000,19,19,026dfd90
1115205000,19,20,ff30011b
1115215000,19,21,00d902bd
1115225000,19,22,fe3cfd72
1115235000,19,23,027a02b0
1115245000,19,24,fb20fad7
1115255000,19,25,03480525
1115265000,19,26,ff27fbb7
1115275000,19,27,01e1018a
1115285000,19,28,fe82009d
1115295000,19,29,009ffea9
1115305000,19,30,ffa2017e
1115315000,19,31,ffb8ff82
1117195000,20,0,fffe0094
1117205000,20,1,ffbdffda
1117215000,20,2,00bdff48
1117225000,20,3,003500aa
1117235000,20,4,fe45ff6a
1117245000,20,5,00dc0243
1117255000,20,6,007afc67
1117265000,20,7,ffaa0274
1117275000,20,8,fed800ea
1117285000,20,9,02f3fd90
1117295000,20,10,fe53020c
1117305000,20,11,00d5fec6
1117315000,20,12,fd9dfe8c
1117325000,20,13,02d001cf
1117335000,20,14,fe460059
1117345000,20,15,0068ff18
1119225000,20,16,004eff71
1119235000,20,17,001b003a
1119245000,20,18,fe44017f
1119255000,20,19,0283fd90
1119265000,20,20,fd780030
1119275000,20,21,02b500d6
1119285000,20,22,fd7fff51
1119295000,20,23,0113030f
1119305000,20,24,fd68faa3
1119315000,20,25,03bd0310
1119325000,20,26,ff32fd01
1119335000,20,27,015301c0
1119345000,20,28,fc82016c
1119355000,20,29,02e3fdb4
1119365000,20,30,fec3016f
1119375000,20,31,ffdfffbd
1121255000,21,0,ffb40015
1121265000,21,1,ffc1006e
1121275000,21,2,00d4fedd
1121285000,21,3,ff1e01ec
1121295000,21,4,ff9cfdaa
1121305000,21,5,00a80392
1121315000,21,6,013bfb1a
1121325000,21,7,fc35036c
1121335000,21,8,03e40047
1121345000,21,9,ff1b0094
1121355000,21,10,fe92fe1f
1121365000,21,11,0368fee4
1121375000,21,12,fdc00186
1121385000,21,13,ff640054
1121395000,21,14,007bff0e
1121405000,21,15,004d002c
1123285000,21,16,ffed0022
1123295000,21,17,005efef7
1123305000,21,18,004f0227
1123315000,21,19,004bff24
1123325000,21,20,fe6a0006
1123335000,21,21,fedcfef9
1123345000,21,22,0325ff9f
1123355000,21,23,fe860265
1123365000,21,24,00d7fe50
1123375000,21,25,0050fed1
1123385000,21,26,fec90163
1123395000,21,27,004bfc56
1123405000,21,28,012204e4
1123415000,21,29,0042fd23
1123425000,21,30,ff230173
1123435000,21,31,0038ff35
1125315000,22,0,00240021
1125325000,22,1,ff74ffd7
1125335000,22,2,009dffe2
1125345000,22,3,00f6019f
1125355000,22,4,ff44fd14
1125365000,22,5,fd2c02e5
1125375000,22,6,0348fc5a
1125385000,22,7,ffaf0463
1125395000,22,8,000cff89
1125405000,22,9,ff5efcd7
1125415000,22,10,fff10160
1125425000,22,11,014a00e5
1125435000,22,12,fe9cfe2e
1125445000,22,13,00c20169
1125455000,22,14,ff22ff88
1125465000,22,15,0049000d
1127345000,22,16,0058ff8e
1127355000,22,17,ff92000c
1127365000,22,18,ff2f0013
1127375000,22,19,01f800a7
1127385000,22,20,fe59fc15
1127395000,22,21,01f10480
1127405000,22,22,fce7fd9a
1127415000,22,23,035b0321
1127425000,22,24,fd84fd2a
1127435000,22,25,01240066
1127445000,22,26,ff69ff2b
1127455000,22,27,0054ff17
1127465000,22,28,ff3f015b
1127475000,22,29,018dff26
1127485000,22,30,ffad0088
1127495000,22,31,ff850031
1129375000,23,0,ffceffb0
1129385000,23,1,ffab00d1
1129395000,23,2,005e0005
1129405000,23,3,0023ffb7
1129415000,23,4,0025fe43
1129425000,23,5,fe3d042f
1129435000,23,6,02f0fab5
1129445000,23,7,fe44046e
1129455000,23,8,0048005a
1129465000,23,9,ffd7fa85
1129475000,23,10,004803af
1129485000,23,11,014b013d
1129495000,23,12,fce1fd8b
1129505000,23,13,022d00a3
1129515000,23,14,ff4e0097
1129525000,23,15,0062ff9e
1131405000,23,16,00750062
1131415000,23,17,ff2d0058
1131425000,23,18,ffbcffb5
1131435000,23,19,00edff63
1131445000,23,20,ff79008d
1131455000,23,21,ffd4fe79
1131465000,23,22,008401fc
1131475000,23,23,02d8fed7
1131485000,23,24,fced0208
1131495000,23,25,0073ff32
1131505000,23,26,ff52fc25
1131515000,23,27,026b04ad
1131525000,23,28,fd1dfe75
1131535000,23,29,01cc0015
1131545000,23,30,fee6ffde
1131555000,23,31,00b0ff61
1133435000,24,0,fffd0025
1133445000,24,1,ff8700f7
1133455000,24,2,0118fe86
1133465000,24,3,ffc60049
1133475000,24,4,ffe2ffde
1133485000,24,5,fdc00404
1133495000,24,6,02c2f902
1133505000,24,7,ff8c04da
1133515000,24,8,ff71001f
1133525000,24,9,0053fe9b
1133535000,24,10,018c0074
1133545000,24,11,fef8ff8f
1133555000,24,12,fe40fdc6
1133565000,24,13,025e030e
1133575000,24,14,fe9aff6c
1133585000,24,15,002eff5a
1135465000,24,16,0046fff0
1135475000,24,17,0084004a
1135485000,24,18,fde000de
1135495000,24,19,01fefe2b
1135505000,24,20,0018ff7f
1135515000,24,21,fcccff81
1135525000,24,22,0446028f
1135535000,24,23,ff7cff0c
1135545000,24,24,fc180060
1135555000,24,25,0562fc18
1135565000,24,26,fc980236
1135575000,24,27,041c0149
1135585000,24,28,fa0eff71
1135595000,24,29,035eff25
1135605000,24,30,ff86005d
1135615000,24,31,ffd2ff88
1137495000,25,0,ffa80057
1137505000,25,1,0053ffab
1137515000,25,2,00c5013c
1137525000,25,3,fde2ff7f
1137535000,25,4,01affdc4
1137545000,25,5,fe260398
1137555000,25,6,0321fd50
1137565000,25,7,fcff0207
1137575000,25,8,011efff3
1137585000,25,9,00a1fe27
1137595000,25,10,ff990224
1137605000,25,11,0160fde9
1137615000,25,12,fd770072
1137625000,25,13,01ca0106
1137635000,25,14,ff05ff60
1137645000,25,15,006bff91
1139525000,25,16,002bff62
1139535000,25,17,ff60015d
1139545000,25,18,ff85fe6a
1139555000,25,19,0182ff88
1139565000,25,20,ffd6ffd6
1139575000,25,21,0045ffad
1139585000,25,22,ff8e03c7
1139595000,25,23,0176fd4a
1139605000,25,24,fccb002a
1139615000,25,25,0316006f
1139625000,25,26,fd81fe9e
1139635000,25,27,046e014e
1139645000,25,28,fb3cfe8e
1139655000,25,29,02c101c7
1139665000,25,30,ff0cfec1
1139675000,25,31,00860080
1141555000,26,0,ff9d0003
1141565000,26,1,ffb20051
1141575000,26,2,016aff7c
1141585000,26,3,fd290196
1141595000,26,4,0285fd5a
1141605000,26,5,fe640101
1141615000,26,6,00c60267
1141625000,26,7,00e5fec5
1141635000,26,8,fe83fe45
1141645000,26,9,01a6030b
1141655000,26,10,ff62fd18
1141665000,26,11,00dbff54
1141675000,26,12,ff2302f6
1141685000,26,13,fe90fdb3
1141695000,26,14,014e00bd
1141705000,26,15,0023fff1
1143585000,26,16,005effb6
1143595000,26,17,012e0039
1143605000,26,18,fc780011
1143615000,26,19,030200b8
1143625000,26,20,ffc3fdb8
1143635000,26,21,ffcc012d
1143645000,26,22,0058ff4a
1143655000,26,23,ffa60337
1143665000,26,24,fdb0fd06
1143675000,26,25,03feff9b
1143685000,26,26,feda0067
1143695000,26,27,0210fef4
1143705000,26,28,fce30234
1143715000,26,29,017cfeb3
1143725000,26,30,001200b6
1143735000,26,31,ff24ffa9
1145615000,27,0,ff9f0022
1145625000,27,1,0063006c
1145635000,27,2,00c60044
1145645000,27,3,fcf7ff21
1145655000,27,4,013aff70
1145665000,27,5,024402f4
1145675000,27,6,fdf1fd3f
1145685000,27,7,00ce01d4
1145695000,27,8,ff85ffb2
1145705000,27,9,002dfe60
1145715000,27,10,00960190
1145725000,27,11,006dff2f
1145735000,27,12,ff1200b8
1145745000,27,13,ffc4fee0
1145755000,27,14,004300c9
1145765000,27,15,0036ff64
1147645000,27,16,0040ffb1
1147655000,27,17,0114ff59
1147665000,27,18,fd000206
1147675000,27,19,0365fd54
1147685000,27,20,feba01b9
1147695000,27,21,fe99ff66
1147705000,27,22,03160142
1147715000,27,23,fc70fec2
1147725000,27,24,0022ff37
1147735000,27,25,01eefdd3
1147745000,27,26,004a0232
1147755000,27,27,0101ffd8
1147765000,27,28,fdc0ffbf
1147775000,27,29,0251001e
1147785000,27,30,febcffce
1147795000,27,31,ffd6005a
1149675000,28,0,ff03002e
1149685000,28,1,016dffd6
1149695000,28,2,fffc008d
1149705000,28,3,fd54008f
1149715000,28,4,02b2fe1c
1149725000,28,5,ff2c0194
1149735000,28,6,022fffe9
1149745000,28,7,fcbbfdb7
1149755000,28,8,00af0446
1149765000,28,9,0081fbd2
1149775000,28,10,020e02ab
1149785000,28,11,fceefd61
1149795000,28,12,017801cc
1149805000,28,13,fea60020
1149815000,28,14,00ebffcb
1149825000,28,15,0043ffb5
1151705000,28,16,0000ffc5
1151715000,28,17,005b0042
1151725000,28,18,fe3700cd
1151735000,28,19,01bdff07
1151745000,28,20,ff4afed6
1151755000,28,21,fe0aff2a
1151765000,28,22,05c60139
1151775000,28,23,fd4e0244
1151785000,28,24,fc84fd79
1151795000,28,25,071dffb6
1151805000,28,26,fb61ffad
1151815000,28,27,03270085
1151825000,28,28,fd6e00d4
1151835000,28,29,01f2ff62
1151845000,28,30,fe76fff5
1151855000,28,31,00baffec
1153735000,29,0,ffbb0030
1153745000,29,1,0053ffcf
1153755000,29,2,00b7ffbd
1153765000,29,3,ff500108
1153775000,29,4,ff03fead
1153785000,29,5,ffb30178
1153795000,29,6,03e2fde7
1153805000,29,7,fbcc00b1
1153815000,29,8,019103ae
1153825000,29,9,fef5fabf
1153835000,29,10,022701e5
1153845000,29,11,fef6012c
1153855000,29,12,ff31fe21
1153865000,29,13,ffd90192
1153875000,29,14,01880003
1153885000,29,15,ff52ff4b
1155765000,29,16,001b0040
1155775000,29,17,ffc600ee
1155785000,29,18,000ffed1
1155795000,29,19,ffeb0076
1155805000,29,20,00a7004b
1155815000,29,21,fee8ff6c
1155825000,29,22,01b1019f
1155835000,29,23,ff9c01cc
1155845000,29,24,fcfbfcc4
1155855000,29,25,02120140
1155865000,29,26,0065fdb1
1155875000,29,27,01bd0108
1155885000,29,28,fd4b01c9
1155895000,29,29,0148fe82
1155905000,29,30,fffb01f7
1155915000,29,31,ffccfe9a
1157795000,30,0,ffce0016
1157805000,30,1,00150077
1157815000,30,2,001ffe63
1157825000,30,3,ffe902d5
1157835000,30,4,ff6afbd3
1157845000,30,5,ff8504ab
1157855000,30,6,018afd06
1157865000,30,7,007601e3
1157875000,30,8,fe8cff20
1157885000,30,9,ffe700bd
1157895000,30,10,0153fdab
1157905000,30,11,014f010f
1157915000,30,12,fcf001d7
1157925000,30,13,0057fd19
1157935000,30,14,01300174
1157945000,30,15,ff9affd9
1159825000,30,16,007e0039
1159835000,30,17,ff7c002f
1159845000,30,18,ff08ffdb
1159855000,30,19,0362ffa0
1159865000,30,20,faf9fef4
1159875000,30,21,04a80136
1159885000,30,22,fc3000a9
1159895000,30,23,034fff3d
1159905000,30,24,febefedd
1159915000,30,25,00e6009f
1159925000,30,26,0164fe75
1159935000,30,27,fcb801b0
1159945000,30,28,02e3ff6a
1159955000,30,29,ff820080
1159965000,30,30,ff440083
1159975000,30,31,ffe3fedf
1161855000,31,0,ffd10031
1161865000,31,1,0099fffb
1161875000,31,2,ffcfff15
1161885000,31,3,ffd1018f
1161895000,31,4,0072fd59
1161905000,31,5,fc9202af
1161915000,31,6,04b9fd92
1161925000,31,7,fe530286
1161935000,31,8,fda3ffaf
1161945000,31,9,00e1ff33
1161955000,31,10,03d5ff2f
1161965000,31,11,fc570317
1161975000,31,12,0082fce3
1161985000,31,13,007c01ab
1161995000,31,14,0093ffc6
1162005000,31,15,ffa5ff94
1163885000,31,16,0077003a
1163895000,31,17,002a0072
1163905000,31,18,fda6ff64
1163915000,31,19,0396ff50
1163925000,31,20,fd7f0119
1163935000,31,21,0005fdf7
1163945000,31,22,018303aa
1163955000,31,23,01a0fe53
1163965000,31,24,fc91ff7a
1163975000,31,25,03dc00e8
1163985000,31,26,fbf0ff94
1163995000,31,27,022c00a8
1164005000,31,28,ff29ff3f
1164015000,31,29,00550167
1164025000,31,30,0037ff4a
1164035000,31,31,ff1efff5
1165915000,32,0,0027004d
1165925000,32,1,fff5fff4
1165935000,32,2,00a2ffc2
1165945000,32,3,fe3100b0
1165955000,32,4,024aff2c
1165965000,32,5,fd64018f
1165975000,32,6,0423fcf4
1165985000,32,7,ff36030c
1165995000,32,8,fb19fe8d
1166005000,32,9,034bfdf2
1166015000,32,10,018e01cc
1166025000,32,11,fd5f02a6
1166035000,32,12,008efbea
1166045000,32,13,ff800203
1166055000,32,14,0145004e
1166065000,32,15,ff66ff66
1167945000,32,16,0000ffd4
1167955000,32,17,0068ffef
1167965000,32,18,fe5b0119
1167975000,32,19,0145feb0
1167985000,32,20,ff97ff54
1167995000,32,21,0001fff6
1168005000,32,22,016a00c0
1168015000,32,23,00ba03b3
1168025000,32,24,fb0cface
1168035000,32,25,05be00e5
1168045000,32,26,fdf103ef
1168055000,32,27,00fbfc7a
1168065000,32,28,fd0d0166
1168075000,32,29,00d1ffda
1168085000,32,30,003aff6c
1168095000,32,31,ffae002f
1169975000,33,0,ffde0044
1169985000,33,1,007b003d
1169995000,33,2,0011ffe9
1170005000,33,3,fe4f0036
1170015000,33,4,0115fe01
1170025000,33,5,003404bf
1170035000,33,6,0036fbfd
1170045000,33,7,01290152
1170055000,33,8,fe0aff8a
1170065000,33,9,001b009b
1170075000,33,10,00ddfe5b
1170085000,33,11,00570288
1170095000,33,12,fffffd89
1170105000,33,13,fe020101
1170115000,33,14,01800077
1170125000,33,15,ffc5ff48
1172005000,33,16,000cffd0
1172015000,33,17,0152ff0f
1172025000,33,18,fd320301
1172035000,33,19,01d5fd8e
1172045000,33,20,ff39ffb3
1172055000,33,21,006efe91
1172065000,33,22,013d03d9
1172075000,33,23,fd20fea5
1172085000,33,24,000cff42
1172095000,33,25,02cafe0b
1172105000,33,26,fe08021b
1172115000,33,27,026ffd92
1172125000,33,28,fda30267
1172135000,33,29,0116ffd1
1172145000,33,30,ff95ff7f
1172155000,33,31,ff9c001f
1174035000,34,0,004b003f
1174045000,34,1,ff7e0035
1174055000,34,2,0103ff59
1174065000,34,3,00b60059
1174075000,34,4,fbf20063
1174085000,34,5,03efff36
1174095000,34,6,ff9dff7e
1174105000,34,7,ff1a035e
1174115000,34,8,ff33fc47
1174125000,34,9,01f601c1
1174135000,34,10,fefdfeed
1174145000,34,11,015600b1
1174155000,34,12,fde0ff63
1174165000,34,13,fff10068
1174175000,34,14,018b0030
1174185000,34,15,ff0effc4
1176065000,34,16,ffa9ffbf
1176075000,34,17,ffc9ffb9
1176085000,34,18,ff8600a0
1176095000,34,19,0274ffb7
1176105000,34,20,fbf5feb8
1176115000,34,21,04a6ffe1
1176125000,34,22,fd1a03f3
1176135000,34,23,0017fded
1176145000,34,24,fe67fe9d
1176155000,34,25,01c70125
1176165000,34,26,ff04fe92
1176175000,34,27,02b8ffe3
1176185000,34,28,fbb70080
1176195000,34,29,03a2fff1
1176205000,34,30,fd800017
1176215000,34,31,0135ffe9
1178095000,35,0,00180073
1178105000,35,1,ff7fffb1
1178115000,35,2,0148005f
1178125000,35,3,fff0ff7b
1178135000,35,4,fe26006c
1178145000,35,5,016900bc
1178155000,35,6,ff47fc1d
1178165000,35,7,01a104a6
1178175000,35,8,fc5cff6d
1178185000,35,9,0369ff95
1178195000,35,10,0008fe07
1178205000,35,11,ffa002b5
1178215000,35,12,fe96fcac
1178225000,35,13,00f302da
1178235000,35,14,fff1ff45
1178245000,35,15,ffd3ff8e
1180125000,35,16,00e4ff58
1180135000,35,17,ff5500b1
1180145000,35,18,fffeffae
1180155000,35,19,0006009d
1180165000,35,20,0056fd93
1180175000,35,21,fff101fa
1180185000,35,22,fee7ff08
1180195000,35,23,034a01fb
1180205000,35,24,faa4fccc
1180215000,35,25,05930227
1180225000,35,26,fd26fe84
1180235000,35,27,0118016d
1180245000,35,28,ff66fe01
1180255000,35,29,000701a2
1180265000,35,30,00a9ffde
1180275000,35,31,fea00007
1182155000,36,0,0011006b
1182165000,36,1,ffc8ffb1
1182175000,36,2,0139001f
1182185000,36,3,ff11000f
1182195000,36,4,fe28ff9d
1182205000,36,5,01bb013f
1182215000,36,6,012cfe5a
1182225000,36,7,004101a5
1182235000,36,8,fbcd0093
1182245000,36,9,04b2fd27
1182255000,36,10,fe6b00a7
1182265000,36,11,01830293
1182275000,36,12,fbe6fbf1
1182285000,36,13,02f702c1
1182295000,36,14,ff74ffdc
1182305000,36,15,ffcfff59
1184185000,36,16,002fffc5
1184195000,36,17,005affa5
1184205000,36,18,fed10244
1184215000,36,19,00c2fd27
1184225000,36,20,006a00dd
1184235000,36,21,fd69fe06
1184245000,36,22,02c003e0
1184255000,36,23,fe77fe5c
1184265000,36,24,004d00e3
1184275000,36,25,0042fbb5
1184285000,36,26,0033030c
1184295000,36,27,0262ff63
1184305000,36,28,fb2601e7
1184315000,36,29,022bfe88
1184325000,36,30,ffe0002c
1184335000,36,31,ff95000a
1186215000,37,0,ffd7fffa
1186225000,37,1,fff2fff9
1186235000,37,2,ffdeffcc
1186245000,37,3,0104003b
1186255000,37,4,fddcff3b
1186265000,37,5,00c3014b
1186275000,37,6,0269fe32
1186285000,37,7,fd39015d
1186295000,37,8,002b0116
1186305000,37,9,013cfd07
1186315000,37,10,fdac00c6
1186325000,37,11,03fa01e3
1186335000,37,12,fbdeff09
1186345000,37,13,015b0051
1186355000,37,14,00e1ffa8
1186365000,37,15,ffed0029
1188245000,37,16,0047ffde
1188255000,37,17,009f002b
1188265000,37,18,ff24017a
1188275000,37,19,ffdcfdb3
1188285000,37,20,011b0075
1188295000,37,21,fc2b009b
1188305000,37,22,044800c9
1188315000,37,23,fee400eb
1188325000,37,24,fefffdd6
1188335000,37,25,ffd7ff89
1188345000,37,26,01aaffae
1188355000,37,27,ffe60165
1188365000,37,28,ff6b00ff
1188375000,37,29,fe8bff09
1188385000,37,30,023e005f
1188395000,37,31,fe6effcd
1190275000,38,0,001bfffe
1190285000,38,1,0006ffff
1190295000,38,2,ffda004d
1190305000,38,3,01ae0091
1190315000,38,4,fe59fe3e
1190325000,38,5,ff0601dc
1190335000,38,6,0158fc02
1190345000,38,7,017f0598
1190355000,38,8,fce1ff00
1190365000,38,9,0212fc5b
1190375000,38,10,ff6201bf
1190385000,38,11,015201b7
1190395000,38,12,fdcffd10
1190405000,38,13,013e01f6
1190415000,38,14,ff58ff76
1190425000,38,15,00150024
1192305000,38,16,0087ff7c
1192315000,38,17,002a00e4
1192325000,38,18,fec3ff40
1192335000,38,19,00c1fff8
1192345000,38,20,ffbcfe1c
1192355000,38,21,fef6042e
1192365000,38,22,0262fd4b
1192375000,38,23,fdd70136
1192385000,38,24,ffd7fd3a
1192395000,38,25,00b8fff2
1192405000,38,26,00250184
1192415000,38,27,013fffec
1192425000,38,28,fd5200b6
1192435000,38,29,01fcfdfc
1192445000,38,30,ff420171
1192455000,38,31,ff4dff6e
1194335000,39,0,ffcc0004
1194345000,39,1,005100a7
1194355000,39,2,001affbf
1194365000,39,3,ffd3ff8a
1194375000,39,4,ff80ff63
1194385000,39,5,005e03b5
1194395000,39,6,0235f9db
1194405000,39,7,fe850446
1194415000,39,8,fecc00be
1194425000,39,9,ffc5f9a7
1194435000,39,10,02000561
1194445000,39,11,ff51ff88
1194455000,39,12,fd80ff13
1194465000,39,13,021c0039
1194475000,39,14,ffc100bd
1194485000,39,15,001fff7c
1196365000,39,16,fffffff3
1196375000,39,17,ff8e0083
1196385000,39,18,ff83fee9
1196395000,39,19,02a6000f
1196405000,39,20,fb8a0071
1196415000,39,21,046afe97
1196425000,39,22,fd1e01c9
1196435000,39,23,03a6015d
1196445000,39,24,fbebff03
1196455000,39,25,001afe81
1196465000,39,26,01f5fde9
1196475000,39,27,fd5c0275
1196485000,39,28,02a4ff89
1196495000,39,29,ff92ffdd
1196505000,39,30,fefaffdd
1196515000,39,31,007cffcf
1198395000,40,0,ff4affd2
1198405000,40,1,016400e4
1198415000,40,2,ff0dfff1
1198425000,40,3,ff5aff09
1198435000,40,4,0068ff79
1198445000,40,5,00f70385
1198455000,40,6,fe78fb3d
1198465000,40,7,021103c4
1198475000,40,8,fdbc0042
1198485000,40,9,022afcf8
1198495000,40,10,fe570187
1198505000,40,11,03860043
1198515000,40,12,fc26fdeb
1198525000,40,13,00670227
1198535000,40,14,0078ff1b
1198545000,40,15,003b0020
1200425000,40,16,0067ff87
1200435000,40,17,006affba
1200445000,40,18,fe13021c
1200455000,40,19,0184fd52
1200465000,40,20,ffb10118
1200475000,40,21,ff28fbfc
1200485000,40,22,01c30565
1200495000,40,23,0060fd3d
1200505000,40,24,fd130211
1200515000,40,25,0258fd9e
1200525000,40,26,ff6ffed4
1200535000,40,27,023803a2
1200545000,40,28,fc2dfd78
1200555000,40,29,01620108
1200565000,40,30,004bfed3
1200575000,40,31,ff800083
1202455000,41,0,0021ffec
1202465000,41,1,ff5d00ec
1202475000,41,2,01acfec9
1202485000,41,3,fefa0034
1202495000,41,4,ff1b0021
1202505000,41,5,ff990087
1202515000,41,6,02edff3b
1202525000,41,7,fe3f0131
1202535000,41,8,ff59ffc4
1202545000,41,9,012bff22
1202555000,41,10,ff2a0069
1202565000,41,11,0314ff4c
1202575000,41,12,fbff00df
1202585000,41,13,00b7ff47
1202595000,41,14,0131005b
1202605000,41,15,ff53fffb
1204485000,41,16,0053ff4e
1204495000,41,17,ffac00cb
1204505000,41,18,fedafef1
1204515000,41,19,022b0099
1204525000,41,20,ff0afffa
1204535000,41,21,009efd4f
1204545000,41,22,fead0474
1204555000,41,23,0279fe69
1204565000,41,24,fb99fffc
1204575000,41,25,0412ffb1
1204585000,41,26,fd80fe6d
1204595000,41,27,020101f1
1204605000,41,28,fd72fd98
1204615000,41,29,02e4018d
1204625000,41,30,feb1ffc2
1204635000,41,31,ffeb0035
1206515000,42,0,000affba
1206525000,42,1,fef00074
1206535000,42,2,0134ffa8
1206545000,42,3,ffae001f
1206555000,42,4,ffd500cf
1206565000,42,5,ff2efd43
1206575000,42,6,01be0271
1206585000,42,7,ffbd01ad
1206595000,42,8,fcd0fd2e
1206605000,42,9,0512010e
1206615000,42,10,fe2cfe02
1206625000,42,11,ff6202f3
1206635000,42,12,ffadff15
1206645000,42,13,00ecfde3
1206655000,42,14,ff0601c1
1206665000,42,15,0097fff1
1208545000,42,16,0009ff70
1208555000,42,17,00d100c6
1208565000,42,18,fcc4ff70
1208575000,42,19,048bff5a
1208585000,42,20,fc990022
1208595000,42,21,0302fe4b
1208605000,42,22,feb80306
1208615000,42,23,0051ff2c
1208625000,42,24,feb90138
1208635000,42,25,0111fd00
1208645000,42,26,0078ffca
1208655000,42,27,00f5014c
1208665000,42,28,fdbdffd2
1208675000,42,29,01840077
1208685000,42,30,ffe4fee4
1208695000,42,31,fff700c6
1210575000,43,0,0016fff9
1210585000,43,1,ff50005a
1210595000,43,2,01a5ff53
1210605000,43,3,fe4c021b
1210615000,43,4,003cfcb0
1210625000,43,5,005fffda
1210635000,43,6,0163048c
1210645000,43,7,fccffe25
1210655000,43,8,00a6fdc3
1210665000,43,9,04a401d6
1210675000,43,10,fb83ff4b
1210685000,43,11,00b6004b
1210695000,43,12,009800d0
1210705000,43,13,ffddfe3a
1210715000,43,14,001500fa
1210725000,43,15,ffcfffd1
1212605000,43,16,0026ff5f
1212615000,43,17,006d0068
1212625000,43,18,fec30006
1212635000,43,19,012a00df
1212645000,43,20,ff49fdc4
1212655000,43,21,ff6e0100
1212665000,43,22,0242ffec
1212675000,43,23,fe0aff72
1212685000,43,24,00aafd8d
1212695000,43,25,0441051a
1212705000,43,26,fae5fde6
1212715000,43,27,025200af
1212725000,43,28,fe1bfe08
1212735000,43,29,025c011e
1212745000,43,30,fe82ffa8
1212755000,43,31,00420058
1214635000,44,0,0005fffe
1214645000,44,1,006f010f
1214655000,44,2,ffc4feec
1214665000,44,3,fffeffe6
1214675000,44,4,ff3dff63
1214685000,44,5,0079031c
1214695000,44,6,015cfbb7
1214705000,44,7,ffb9022d
1214715000,44,8,fb8101d4
1214725000,44,9,0499fd2b
1214735000,44,10,00ce0076
1214745000,44,11,fef001b6
1214755000,44,12,fdfdfddf
1214765000,44,13,0093001a
1214775000,44,14,015201b3
1214785000,44,15,ff45fee7
1216665000,44,16,00a6ffba
1216675000,44,17,ffb300ce
1216685000,44,18,fe9c000d
1216695000,44,19,0279fe68
1216705000,44,20,fe67019a
1216715000,44,21,ff10fd8b
1216725000,44,22,017f024a
1216735000,44,23,0121fed6
1216745000,44,24,fcd60026
1216755000,44,25,03ab0218
1216765000,44,26,fcaafcc7
1216775000,44,27,03a10234
1216785000,44,28,fc39ff8e
1216795000,44,29,0162ffa3
1216805000,44,30,ffa700da
1216815000,44,31,ff5dff2a
1218695000,45,0,ffdd0038
1218705000,45,1,00280035
1218715000,45,2,0058ff3b
1218725000,45,3,ff64013c
1218735000,45,4,004cfe0b
1218745000,45,5,fea1032d
1218755000,45,6,02c3fbcc
1218765000,45,7,ff0b028b
1218775000,45,8,ff0d02f8
1218785000,45,9,ff90fa21
1218795000,45,10,023601c7
1218805000,45,11,007e010a
1218815000,45,12,fbde0009
1218825000,45,13,0227fee5
1218835000,45,14,0053014e
1218845000,45,15,ffdbff67
1220725000,45,16,00bd0060
1220735000,45,17,ff05004f
1220745000,45,18,0041004b
1220755000,45,19,004ffe10
1220765000,45,20,ffb6023d
1220775000,45,21,fe5cfdd2
1220785000,45,22,01950222
1220795000,45,23,0140fed0
1220805000,45,24,fce900f6
1220815000,45,25,0235fe9b
1220825000,45,26,ffb9feef
1220835000,45,27,ff1b0062
1220845000,45,28,009c020d
1220855000,45,29,006afe58
1220865000,45,30,fed9019c
1220875000,45,31,ffb6fe42
1222755000,46,0,ffef000e
1222765000,46,1,006e003b
1222775000,46,2,0090fec7
1222785000,46,3,fd9b0048
1222795000,46,4,02620156
1222805000,46,5,fd95ff76
1222815000,46,6,00e7fe16
1222825000,46,7,023501df
1222835000,46,8,fd0d0100
1222845000,46,9,fea8ff8b
1222855000,46,10,0468fddb
1222865000,46,11,fe5f036c
1222875000,46,12,ff4efd6c
1222885000,46,13,00790160
1222895000,46,14,006dff60
1222905000,46,15,ffb5ffe9
1224785000,46,16,00390013
1224795000,46,17,00b10010
1224805000,46,18,fd4a0112
1224815000,46,19,01effd5a
1224825000,46,20,018201d5
1224835000,46,21,fc93ffa2
1224845000,46,22,00f70022
1224855000,46,23,00890084
1224865000,46,24,00150013
1224875000,46,25,0225fd80
1224885000,46,26,fc6c01ee
1224895000,46,27,02150060
1224905000,46,28,ff50ff95
1224915000,46,29,ffa30066
1224925000,46,30,00830016
1224935000,46,31,ff57fff2
1226815000,47,0,00380043
1226825000,47,1,ff6c005c
1226835000,47,2,01bcfeea
1226845000,47,3,fde2001f
1226855000,47,4,010000fc
1226865000,47,5,feba018a
1226875000,47,6,01d9fb42
1226885000,47,7,002f0220
1226895000,47,8,fde803c5
1226905000,47,9,0046fbb4
1226915000,47,10,010000ba
1226925000,47,11,01ec01cb
1226935000,47,12,fcd0fddc
1226945000,47,13,016c00de
1226955000,47,14,fff30022
1226965000,47,15,ffb3ff96
1228845000,47,16,00a1ffaf
1228855000,47,17,fff4006c
1228865000,47,18,fee8003a
1228875000,47,19,ff5cfe50
1228885000,47,20,034e006e
1228895000,47,21,fc0bff97
1228905000,47,22,0342025c
1228915000,47,23,ff7efe11
1228925000,47,24,fed7015d
1228935000,47,25,00cafbde
1228945000,47,26,007a03aa
1228955000,47,27,fef6feae
1228965000,47,28,00820182
1228975000,47,29,ff57fe83
1228985000,47,30,0124ffec
1228995000,47,31,fed00065
1230875000,48,0,0023ffed
1230885000,48,1,ffff011b
1230895000,48,2,005efe65
1230905000,48,3,ff8c0006
1230915000,48,4,fff0ffda
1230925000,48,5,ff100499
1230935000,48,6,0298f993
1230945000,48,7,ff4a03ba
1230955000,48,8,fdf3ff1f
1230965000,48,9,014ffea9
1230975000,48,10,019e028d
1230985000,48,11,ff1aff0c
1230995000,48,12,fda6fe16
1231005000,48,13,02ea012f
1231015000,48,14,fea8007f
1231025000,48,15,ffe0ffa8
1232905000,48,16,0038001e
1232915000,48,17,009affa5
1232925000,48,18,fdb8008d
1232935000,48,19,017fff2b
1232945000,48,20,0058ff07
1232955000,48,21,fec3fef0
1232965000,48,22,02790297
1232975000,48,23,ffca0220
1232985000,48,24,fc06fa18
1232995000,48,25,07b60213
1233005000,48,26,f9aa01bd
1233015000,48,27,0473fd79
1233025000,48,28,fbee02ff
1233035000,48,29,02b1fe64
1233045000,48,30,fef90043
1233055000,48,31,ffd8ffb0
1234935000,49,0,ffa3fff3
1234945000,49,1,00cd0105
1234955000,49,2,ff0ffe57
1234965000,49,3,fee50111
1234975000,49,4,0276ff5b
1234985000,49,5,fe840131
1234995000,49,6,ff0dfeb0
1235005000,49,7,03570103
1235015000,49,8,fabdfffd
1235025000,49,9,02f100e7
1235035000,49,10,0359fde1
1235045000,49,11,fc4d023d
1235055000,49,12,0062fe55
1235065000,49,13,0012ff4f
1235075000,49,14,008301f0
1235085000,49,15,fff3fecb
1236965000,49,16,008d004c
1236975000,49,17,0011ffad
1236985000,49,18,feb20112
1236995000,49,19,0102fe58
1237005000,49,20,ffc8004f
1237015000,49,21,0227ff78
1237025000,49,22,fdd403d8
1237035000,49,23,01ccfe11
1237045000,49,24,fb97ff30
1237055000,49,25,0609fecd
1237065000,49,26,fb0c0268
1237075000,49,27,02c8ff56
1237085000,49,28,fd38ffad
1237095000,49,29,02a7ffbe
1237105000,49,30,ff2a007e
1237115000,49,31,ff92ffa9
1238995000,50,0,0027ffe4
1239005000,50,1,ff680075
1239015000,50,2,008bff50
1239025000,50,3,00930179
1239035000,50,4,fdb5fea8
1239045000,50,5,02d301b0
1239055000,50,6,ff9afc37
1239065000,50,7,fee7045c
1239075000,50,8,010bfe80
1239085000,50,9,fdf0ff5f
1239095000,50,10,02abff4e
1239105000,50,11,00dd008f
1239115000,50,12,fba500e0
1239125000,50,13,020dfefc
1239135000,50,14,00d40087
1239145000,50,15,ff41ffd4
1241025000,50,16,0035ff55
1241035000,50,17,ffbb00c3
1241045000,50,18,fef5feec
1241055000,50,19,014000f1
1241065000,50,20,ff6afd66
1241075000,50,21,02e502d0
1241085000,50,22,fd82fec8
1241095000,50,23,00a800d3
1241105000,50,24,ff0500a1
1241115000,50,25,022ffd49
1241125000,50,26,fdd9024e
1241135000,50,27,01e200d1
1241145000,50,28,fdc8fe00
1241155000,50,29,01b10054
1241165000,50,30,fec4ff52
1241175000,50,31,00d6012b
1243055000,51,0,00230072
1243065000,51,1,ffa5fffa
1243075000,51,2,0200ff17
1243085000,51,3,fd7301b2
1243095000,51,4,ff03fdcd
1243105000,51,5,0385017d
1243115000,51,6,ff8bff81
1243125000,51,7,fdab0072
1243135000,51,8,ffaffdcc
1243145000,51,9,01370268
1243155000,51,10,ff84ff9f
1243165000,51,11,00bd01a4
1243175000,51,12,ff8ffdc5
1243185000,51,13,00230091
1243195000,51,14,00a500e1
1243205000,51,15,ff89fee0
1245085000,51,16,00a1ffad
1245095000,51,17,ffd40080
1245105000,51,18,fe7b008f
1245115000,51,19,0277fe43
1245125000,51,20,fed70182
1245135000,51,21,ffcdffc3
1245145000,51,22,febb0072
1245155000,51,23,01d200e5
1245165000,51,24,fc5ffced
1245175000,51,25,0416020c
1245185000,51,26,fed3fdad
1245195000,51,27,0071017d
1245205000,51,28,ff89011c
1245215000,51,29,ffd5fe59
1245225000,51,30,00770192
1245235000,51,31,fefaff6b
1247115000,52,0,fffc0056
1247125000,52,1,ff36004f
1247135000,52,2,0257fef7
1247145000,52,3,fe0d008e
1247155000,52,4,ff6d00b6
1247165000,52,5,ff8cffdd
1247175000,52,6,0220fcd0
1247185000,52,7,003603e5
1247195000,52,8,fc4401de
1247205000,52,9,02b0fbff
1247215000,52,10,016b0071
1247225000,52,11,ff6f01be
1247235000,52,12,fe93fde2
1247245000,52,13,002200ed
1247255000,52,14,009600f4
1247265000,52,15,0002febf
1249145000,52,16,0018ff91
1249155000,52,17,00c300a7
1249165000,52,18,fe230115
1249175000,52,19,0238fc2d
1249185000,52,20,fe4003a6
1249195000,52,21,0077fe46
1249205000,52,22,000b0322
1249215000,52,23,00e7fd24
1249225000,52,24,faf40143
1249235000,52,25,058dfd9f
1249245000,52,26,fe0dff4f
1249255000,52,27,01c40211
1249265000,52,28,fe30ff72
1249275000,52,29,0075005c
1249285000,52,30,00b9004e
1249295000,52,31,fef1fff6
1251175000,53,0,ffa7006b
1251185000,53,1,00bf001d
1251195000,53,2,fedcfee5
1251205000,53,3,0083018a
1251215000,53,4,ffedfe20
1251225000,53,5,fee204f6
1251235000,53,6,0165f9e7
1251245000,53,7,005601aa
1251255000,53,8,ffd10317
1251265000,53,9,fef5fe5b
1251275000,53,10,ffb6fec9
1251285000,53,11,02e300f0
1251295000,53,12,fe9bff4a
1251305000,53,13,ff5600c2
1251315000,53,14,0019ff97
1251325000,53,15,0048ff94
1253205000,53,16,006bffee
1253215000,53,17,0063ff69
1253225000,53,18,fe1c0269
1253235000,53,19,02c7fb9c
1253245000,53,20,fdc0034c
1253255000,53,21,00b4fe4b
1253265000,53,22,0066010b
1253275000,53,23,00f90130
1253285000,53,24,fdb5fd0c
1253295000,53,25,0297fff3
1253305000,53,26,007a006d
1253315000,53,27,fe51ffc8
1253325000,53,28,00b40346
1253335000,53,29,001efcc9
1253345000,53,30,00280123
1253355000,53,31,ff7bfffc
1255235000,54,0,004b0039
1255245000,54,1,00280058
1255255000,54,2,fee1ff0d
1255265000,54,3,020d005e
1255275000,54,4,ff4bfec0
1255285000,54,5,fe4804a7
1255295000,54,6,013ff95c
1255305000,54,7,ff930344
1255315000,54,8,006b01ff
1255325000,54,9,ff9efde6
1255335000,54,10,00950035
1255345000,54,11,011f0040
1255355000,54,12,fcf7fec8
1255365000,54,13,01ea011b
1255375000,54,14,0023008a
1255385000,54,15,ff79ff36
1257265000,54,16,0093ff78
1257275000,54,17,fff000a3
1257285000,54,18,ffa6fff3
1257295000,54,19,ff53fe9a
1257305000,54,20,02c0007d
1257315000,54,21,fd5600b5
1257325000,54,22,0198018a
1257335000,54,23,ff2a000a
1257345000,54,24,fed5ff9a
1257355000,54,25,0084ff3d
1257365000,54,26,ff5efed7
1257375000,54,27,002d0006
1257385000,54,28,00e80215
1257395000,54,29,fedafe5f
1257405000,54,30,01bc00e8
1257415000,54,31,fe1a0012
1259295000,55,0,fff20019
1259305000,55,1,000a0015
1259315000,55,2,ffdbffcf
1259325000,55,3,007d0164
1259335000,55,4,fe66fc74
1259345000,55,5,020a04dc
1259355000,55,6,ff67fb95
1259365000,55,7,002e034a
1259375000,55,8,fd9affdd
1259385000,55,9,02acfd3f
1259395000,55,10,00ef0279
1259405000,55,11,002f003e
1259415000,55,12,fbd6fd06
1259425000,55,13,039801f4
1259435000,55,14,feefffd3
1259445000,55,15,ffe6ffd0
1261325000,55,16,001a009d
1261335000,55,17,ff62ff1f
1261345000,55,18,01200165
1261355000,55,19,fe6ffea5
1261365000,55,20,01d5ff37
1261375000,55,21,fe6a01d3
1261385000,55,22,01d8fed9
1261395000,55,23,013c02cd
1261405000,55,24,fce4fcd9
1261415000,55,25,014400dd
1261425000,55,26,fddcff35
1261435000,55,27,0239fe81
1261445000,55,28,001d022f
1261455000,55,29,ffd0fea1
1261465000,55,30,ff840091
1261475000,55,31,0084ff2d
1263355000,56,0,ffa7ff88
1263365000,56,1,003400e3
1263375000,56,2,00810034
1263385000,56,3,fe66ff66
1263395000,56,4,0158fcc5
1263405000,56,5,ff16071e
1263415000,56,6,ffdffa8b
1263425000,56,7,01900282
1263435000,56,8,ff4d0056
1263445000,56,9,fe9afe23
1263455000,56,10,03430088
1263465000,56,11,ff1000fa
1263475000,56,12,fdccfdc1
1263485000,56,13,019401fc
1263495000,56,14,ff75feed
1263505000,56,15,00520066
1265385000,56,16,005c0004
1265395000,56,17,000e0053
1265405000,56,18,fdc40037
1265415000,56,19,0368ff16
1265425000,56,20,ff2d00a5
1265435000,56,21,fe6dfc7c
1265445000,56,22,02d804db
1265455000,56,23,ffa2fde0
1265465000,56,24,fdc2011e
1265475000,56,25,04ccff23
1265485000,56,26,fc2afea5
1265495000,56,27,0442024a
1265505000,56,28,fa4900dd
1265515000,56,29,0225fe0a
1265525000,56,30,003e006d
1265535000,56,31,ffc0ffdc
1267415000,57,0,ff95ffe1
1267425000,57,1,008d005a
1267435000,57,2,0043ff57
1267445000,57,3,fe8901e8
1267455000,57,4,00ecfc46
1267465000,57,5,ff7e029d
1267475000,57,6,0218ff72
1267485000,57,7,fce90235
1267495000,57,8,00adfb9b
1267505000,57,9,01150416
1267515000,57,10,010dff19
1267525000,57,11,ff33fd36
1267535000,57,12,fed2024e
1267545000,57,13,0058001b
1267555000,57,14,0040ff0e
1267565000,57,15,003b0085
1269445000,57,16,ffd5ffa8
1269455000,57,17,008a005f
1269465000,57,18,fe54ff5b
1269475000,57,19,018f0040
1269485000,57,20,007cffbb
1269495000,57,21,ffd2fed8
1269505000,57,22,004a0315
1269515000,57,23,fe6b00af
1269525000,57,24,fff1ff56
1269535000,57,25,0168fd75
1269545000,57,26,fcf400cb
1269555000,57,27,05cbff86
1269565000,57,28,fa2a0297
1269575000,57,29,02b8fd1c
1269585000,57,30,ff42018d
1269595000,57,31,ffffffbb
1271475000,58,0,fff1ffec
1271485000,58,1,ff7300b0
1271495000,58,2,01e8ff64
1271505000,58,3,fdd50126
1271515000,58,4,ffb4fe43
1271525000,58,5,01a6003f
1271535000,58,6,0150016b
1271545000,58,7,fbddfff0
1271555000,58,8,014ffe78
1271565000,58,9,030d01fe
1271575000,58,10,fd46ffd4
1271585000,58,11,0255fdaa
1271595000,58,12,fe800159
1271605000,58,13,ff0effd3
1271615000,58,14,01260015
1271625000,58,15,ffadffc8
1273505000,58,16,003effa5
1273515000,58,17,0035fff1
1273525000,58,18,ff7c00ea
1273535000,58,19,00c4fee3
1273545000,58,20,fffaffed
1273555000,58,21,fea4fdbf
1273565000,58,22,01c105c6
1273575000,58,23,00a1fc06
1273585000,58,24,faf201b3
1273595000,58,25,05d7fc2d
1273605000,58,26,fe5202e0
1273615000,58,27,0180fe43
1273625000,58,28,fec6017f
1273635000,58,29,ff28ffe7
1273645000,58,30,0181fffc
1273655000,58,31,ff13ffe0
1275535000,59,0,ffc0ffff
1275545000,59,1,002e00b6
1275555000,59,2,001cfeb7
1275565000,59,3,fea8014c
1275575000,59,4,0052fee7
1275585000,59,5,015700e3
1275595000,59,6,005900a9
1275605000,59,7,fe66fed8
1275615000,59,8,ffdcff1b
1275625000,59,9,011a030e
1275635000,59,10,ff5afd3f
1275645000,59,11,0182013c
1275655000,59,12,ffb60027
1275665000,59,13,fe05fedd
1275675000,59,14,01850049
1275685000,59,15,ffd4000c
1277565000,59,16,0088ffc2
1277575000,59,17,0098ffd3
1277585000,59,18,fd7601aa
1277595000,59,19,02bbfd44
1277605000,59,20,febc001b
1277615000,59,21,00c00048
1277625000,59,22,00990039
1277635000,59,23,00ad0074
1277645000,59,24,fcb2022e
1277655000,59,25,03bafaaf
1277665000,59,26,fdec031c
1277675000,59,27,01b7ff26
1277685000,59,28,fdce0001
1277695000,59,29,010a0016
1277705000,59,30,0079ffc5
1277715000,59,31,ff2d0042
1279595000,60,0,ffb0ffc6
1279605000,60,1,0097011d
1279615000,60,2,009afe82
1279625000,60,3,fe010203
1279635000,60,4,00e5fd4a
1279645000,60,5,0184022e
1279655000,60,6,ff91ff1c
1279665000,60,7,00460087
1279675000,60,8,fbe2fe72
1279685000,60,9,03fb009f
1279695000,60,10,01760112
1279705000,60,11,fd19ff79
1279715000,60,12,fee5fe82
1279725000,60,13,01da0186
1279735000,60,14,ffcb0064
1279745000,60,15,ffe8ff75
1281625000,60,16,0062ffa5
1281635000,60,17,002500b7
1281645000,60,18,fe5d009f
1281655000,60,19,010ffd9c
1281665000,60,20,013601b1
1281675000,60,21,fbb8fc62
1281685000,60,22,05e604af
1281695000,60,23,fcecfdfa
1281705000,60,24,00280109
1281715000,60,25,0171fdbf
1281725000,60,26,0045001f
1281735000,60,27,fec900ea
1281745000,60,28,ffc801d9
1281755000,60,29,fff2fddc
1281765000,60,30,0068006b
1281775000,60,31,ff74fffc
1283655000,61,0,ff95ffe2
1283665000,61,1,00b1fff2
1283675000,61,2,ff64006a
1283685000,61,3,ff9afebe
1283695000,61,4,01d400b1
1283705000,61,5,fc8900a5
1283715000,61,6,046dff69
1283725000,61,7,fd25fdeb
1283735000,61,8,004f051c
1283745000,61,9,fedbfa5c
1283755000,61,10,030e0292
1283765000,61,11,fd920048
1283775000,61,12,ffc40029
1283785000,61,13,00a3ff99
1283795000,61,14,006d004b
1283805000,61,15,002ffffb
1285685000,61,16,00610066
1285695000,61,17,ff5900e9
1285705000,61,18,002bff1f
1285715000,61,19,ffaa0030
1285725000,61,20,0144ff6e
1285735000,61,21,fc020098
1285745000,61,22,04060002
1285755000,61,23,0032015b
1285765000,61,24,fdfffeea
1285775000,61,25,0183feed
1285785000,61,26,fda500a9
1285795000,61,27,0344002a
1285805000,61,28,fd3400ba
1285815000,61,29,015aff4a
1285825000,61,30,ff1a0156
1285835000,61,31,0000fe8b
1287715000,62,0,ffe0ffb5
1287725000,62,1,ffeb008c
1287735000,62,2,004effb6
1287745000,62,3,ffe8ff5e
1287755000,62,4,ff090058
1287765000,62,5,000b0020
1287775000,62,6,0314001e
1287785000,62,7,fa80feee
1287795000,62,8,0398043f
1287805000,62,9,feedfb66
1287815000,62,10,01ba0274
1287825000,62,11,ffb2fe7c
1287835000,62,12,ff7b0134
1287845000,62,13,fe81ff4e
1287855000,62,14,0230ff78
1287865000,62,15,ff3a0098
1289745000,62,16,0018ff95
1289755000,62,17,ffdb00e0
1289765000,62,18,fe62fe43
1289775000,62,19,03f80169
1289785000,62,20,fe91fdf0
1289795000,62,21,ff3903f3
1289805000,62,22,fec5fe71
1289815000,62,23,026b001d
1289825000,62,24,fd98ffbf
1289835000,62,25,0299fe4a
1289845000,62,26,ff36fff3
1289855000,62,27,ff20023f
1289865000,62,28,fefffd40
1289875000,62,29,024f014b
1289885000,62,30,ff83ff15
1289895000,62,31,000100f3
1291775000,63,0,0050ffef
1291785000,63,1,000efff1
1291795000,63,2,00060141
1291805000,63,3,ffa2fe18
1291815000,63,4,020500c3
1291825000,63,5,fb86fe6f
1291835000,63,6,039a01db
1291845000,63,7,ff2fffd4
1291855000,63,8,fffa02e1
1291865000,63,9,fe24f9cb
1291875000,63,10,035c02db
1291885000,63,11,fece01e8
1291895000,63,12,feedfe69
1291905000,63,13,0004ff91
1291915000,63,14,01500095
1291925000,63,15,ff1dffe8
1293805000,63,16,00820045
1293815000,63,17,ffd0ff97
1293825000,63,18,ff25ffc4
1293835000,63,19,00a6ffc0
1293845000,63,20,ffb0ff0e
1293855000,63,21,ff8a022b
1293865000,63,22,0276ffeb
1293875000,63,23,fed6fe67
1293885000,63,24,fe760175
1293895000,63,25,00aaff6d
1293905000,63,26,006dffe8
1293915000,63,27,ff440068
1293925000,63,28,0060ffd4
1293935000,63,29,ff180105
1293945000,63,30,0070fedd
1293955000,63,31,ff34001d
